"age","gender","income","house","store_exp","online_exp","store_trans","online_trans","Q1","Q2","Q3","Q4","Q5","Q6","Q7","Q8","Q9","Q10","segment"
57,"Female",120963.400958119,"Yes",529.134363087558,303.512474550009,2,2,4,2,1,2,1,4,1,4,2,4,"Price"
63,"Female",122008.104949511,"Yes",478.005780681606,109.529710262832,4,2,4,1,1,2,1,4,1,4,1,4,"Price"
59,"Male",114202.295293891,"Yes",490.810731245055,279.249581915219,7,2,5,2,1,2,1,4,1,4,1,4,"Price"
60,"Male",113616.337078331,"Yes",347.809003687669,141.669751964067,10,2,5,2,1,3,1,4,1,4,2,4,"Price"
51,"Male",124252.552786554,"Yes",379.625939684908,112.237176970802,4,4,4,1,1,3,1,4,1,4,2,4,"Price"
59,"Male",107661.456129803,"Yes",338.315403357419,195.687012966072,4,5,4,2,1,2,1,4,1,4,1,4,"Price"
57,"Male",120483.275982419,"Yes",482.544476427835,284.536307985481,5,3,4,1,1,2,1,4,1,4,1,4,"Price"
57,"Male",110542.048865884,"Yes",340.736813070686,135.255632576376,11,5,5,2,1,3,1,4,1,4,2,4,"Price"
61,"Female",132060.533319097,"Yes",608.231048304648,142.550270053796,6,1,4,1,1,2,1,4,1,4,1,4,"Price"
60,"Male",105048.773604386,"Yes",470.31903306811,163.466343881728,12,1,4,2,1,3,1,4,1,4,1,4,"Price"
58,"Male",107196.735410644,"Yes",366.639252024867,170.133299877846,5,4,4,1,1,3,1,4,1,4,2,4,"Price"
59,"Male",NA,"Yes",674.882891010605,310.265694169159,6,2,4,1,1,3,1,4,1,4,1,4,"Price"
64,"Male",119019.962183982,"Yes",613.949036995952,160.846319956896,7,4,5,1,1,3,1,4,1,4,2,4,"Price"
57,"Female",NA,"Yes",737.049725215367,224.532247070345,7,3,4,2,1,3,1,4,1,4,1,4,"Price"
64,"Male",114539.40474381,"Yes",402.490100032941,241.833868313978,5,5,4,2,1,2,1,4,1,4,1,4,"Price"
61,"Female",NA,"Yes",615.056155337197,238.09808494608,5,1,5,2,1,2,1,4,1,4,1,4,"Price"
57,"Female",133078.165457638,"Yes",429.422428309762,262.657856749228,5,3,5,2,1,2,1,4,1,4,1,4,"Price"
63,"Male",115708.654854258,"Yes",552.576905541981,187.524025559338,5,2,5,2,1,3,1,4,1,4,2,4,"Price"
57,"Female",113211.044997831,"No",540.277565996518,254.580146500323,7,2,4,2,1,3,1,4,1,4,2,4,"Price"
57,"Female",129773.873955748,"No",384.337769578302,311.029425764412,4,2,5,2,1,2,1,4,1,5,2,4,"Price"
58,"Male",NA,"Yes",372.408053042586,296.827096338252,11,2,5,1,1,3,1,4,1,4,1,4,"Price"
58,"Male",124356.747675679,"Yes",535.483799097601,205.543546865691,7,3,4,2,1,2,1,4,1,4,2,4,"Price"
59,"Female",123116.843986944,"Yes",481.251066683575,157.288396243102,6,1,5,2,1,2,1,4,1,4,1,4,"Price"
61,"Female",NA,"Yes",546.156421485347,161.231923649114,8,3,5,1,1,2,1,4,1,4,2,4,"Price"
60,"Female",NA,"Yes",411.087302831927,123.776560194151,11,3,4,1,1,3,1,4,1,4,1,4,"Price"
56,"Male",NA,"Yes",492.682006166957,128.016694706763,7,1,5,1,1,3,1,4,1,4,2,4,"Price"
58,"Male",127886.615015107,"Yes",519.296952645586,142.625336481133,6,2,4,1,1,3,1,4,1,4,2,4,"Price"
64,"Male",115925.343557869,"Yes",627.706009748609,240.977016467979,4,4,5,1,1,2,1,4,1,4,2,4,"Price"
63,"Female",NA,"Yes",511.062333930777,203.486730253928,4,3,5,1,1,2,1,4,1,4,1,4,"Price"
56,"Female",112620.903321826,"Yes",699.319308087541,223.442782439466,9,2,5,2,1,2,1,4,1,4,2,4,"Price"
57,"Male",NA,"Yes",530.591982187361,217.920611721542,4,2,4,2,1,3,1,4,1,4,1,4,"Price"
59,"Female",121773.147531009,"Yes",532.121234399098,176.875676741611,2,3,5,2,1,2,1,4,1,4,1,4,"Price"
63,"Male",126902.769054663,"Yes",601.647804750477,257.844353624597,6,4,4,1,1,3,1,4,1,4,2,4,"Price"
55,"Male",128254.177825016,"Yes",595.251962141104,248.063400847369,8,3,4,1,1,2,1,4,1,4,2,4,"Price"
60,"Female",NA,"Yes",403.591241116802,236.964808403183,9,4,4,2,1,3,1,4,1,4,1,4,"Price"
64,"Female",NA,"Yes",611.700918165349,102.236060513804,6,4,5,2,1,2,1,4,1,4,1,4,"Price"
57,"Female",118169.834210682,"Yes",482.663286956957,183.364108271084,6,2,4,2,1,3,1,4,1,4,1,4,"Price"
57,"Female",119147.794610866,"Yes",412.891440686076,246.868637194065,6,5,5,1,1,3,1,4,1,4,1,4,"Price"
58,"Male",125844.413307831,"Yes",473.766473423819,261.668079975745,5,4,4,2,1,2,1,4,1,4,2,4,"Price"
55,"Male",128194.201923933,"Yes",595.695183669543,156.931388442715,6,2,4,1,1,2,1,4,1,4,2,4,"Price"
59,"Female",NA,"Yes",548.338602674099,186.497100391572,2,3,4,1,1,3,1,4,1,4,1,4,"Price"
61,"Male",NA,"Yes",597.229003276722,209.683325892409,5,1,5,1,1,3,1,4,1,4,2,4,"Price"
59,"Female",122338.217461937,"Yes",455.321626475076,205.156920582714,9,4,5,1,1,2,1,4,1,3,2,4,"Price"
58,"Female",114519.02000973,"Yes",493.517941343757,271.672324593723,4,5,4,1,1,3,1,4,1,4,1,4,"Price"
62,"Male",123459.371009595,"Yes",561.731392034034,209.228528977001,9,1,4,1,1,3,1,4,1,4,1,4,"Price"
59,"Male",125625.524018258,"Yes",518.224018748594,261.313740064362,8,2,5,1,1,3,1,4,1,4,1,4,"Price"
56,"Male",100583.396370107,"Yes",633.028953268972,195.947919795158,11,3,5,1,1,3,1,4,1,4,2,4,"Price"
66,"Male",NA,"Yes",510.25942818228,198.464472337779,9,4,5,2,1,3,1,4,1,4,1,4,"Price"
62,"Female",128606.093068785,"Yes",499.663817391443,244.049675487128,5,2,4,1,1,2,1,4,1,4,2,4,"Price"
54,"Male",114336.791157234,"Yes",518.000447803693,217.25179238737,6,2,4,1,1,2,1,4,1,4,2,4,"Price"
59,"Male",121889.057756178,"Yes",490.408359986102,120.946484680995,6,1,5,2,1,3,1,4,1,4,1,4,"Price"
57,"Female",125565.802226889,"Yes",506.220358547592,155.839888722987,5,7,4,1,1,2,1,4,1,4,2,4,"Price"
52,"Female",NA,"Yes",529.317309635229,193.477703650717,11,3,5,2,1,2,1,4,1,4,2,4,"Price"
56,"Male",111593.656511193,"Yes",567.704976394939,195.552567909872,4,4,4,1,1,2,1,4,1,4,1,4,"Price"
60,"Female",109520.318734899,"Yes",594.735052651513,212.071177862634,9,2,5,2,1,3,1,4,1,4,1,4,"Price"
55,"Female",NA,"Yes",321.203729968967,203.285805431084,6,4,5,1,1,2,1,4,1,4,2,4,"Price"
64,"Female",124792.36988653,"Yes",594.872932753646,190.805870905545,5,2,4,1,1,3,1,4,1,4,2,4,"Price"
56,"Male",117325.318799093,"Yes",525.755480567544,211.015615027189,7,4,5,1,1,2,1,4,1,4,2,4,"Price"
58,"Female",NA,"Yes",392.136985871421,226.471702839673,7,2,5,1,1,3,1,4,1,4,2,4,"Price"
58,"Male",121033.329681545,"Yes",451.610625434061,157.403698171939,7,4,4,1,1,2,1,4,1,4,1,4,"Price"
62,"Female",117473.993936298,"Yes",483.600133670656,213.190432265092,6,6,5,2,1,2,1,4,1,4,2,4,"Price"
62,"Female",119596.763872203,"Yes",697.4606638532,169.397322540405,4,5,4,2,1,2,1,4,1,4,2,4,"Price"
58,"Female",116507.083368783,"Yes",527.651113891335,192.620640037948,11,2,5,1,1,2,1,4,1,4,1,4,"Price"
58,"Male",125973.78914937,"Yes",350.492359342993,151.460337877958,9,3,5,2,1,2,1,4,1,4,1,4,"Price"
61,"Male",111027.082663989,"Yes",606.754837512769,278.530141513392,3,5,4,2,1,2,1,4,1,4,1,4,"Price"
64,"Male",NA,"Yes",689.560911238681,239.117894276587,8,2,4,1,1,3,1,4,1,4,2,5,"Price"
59,"Male",125333.921058272,"Yes",524.445347487279,190.49252404585,5,6,4,1,1,2,1,4,1,4,1,4,"Price"
56,"Female",115478.71830302,"Yes",438.560125892873,109.31066617178,7,7,5,1,1,3,1,4,1,4,1,4,"Price"
58,"Female",NA,"No",293.10301992151,253.485440320569,6,1,4,1,1,3,1,4,1,4,2,4,"Price"
62,"Male",116433.503665296,"Yes",360.095875399199,274.208421451346,10,3,5,2,1,2,1,4,1,4,1,4,"Price"
62,"Female",NA,"Yes",534.906341931659,181.328931786276,3,2,4,1,1,3,1,4,1,4,1,4,"Price"
61,"Female",127497.984136989,"Yes",644.061049067947,238.11601043906,1,5,5,2,1,2,1,4,1,4,1,4,"Price"
54,"Male",117858.763039125,"No",570.410927590752,262.009953523375,10,3,5,2,1,3,1,4,1,3,2,4,"Price"
59,"Male",133587.183728136,"Yes",624.570274821698,206.616824858365,4,2,5,1,1,2,1,4,1,4,1,4,"Price"
59,"Male",NA,"Yes",610.512499429194,171.43904069821,6,1,4,2,1,2,1,4,1,4,1,4,"Price"
62,"Female",130151.217808338,"Yes",704.645085703742,225.270203844086,2,1,4,2,1,3,1,4,1,4,1,4,"Price"
60,"Male",125086.149273331,"Yes",388.216017897301,163.909084804262,5,3,5,2,1,3,1,4,1,4,2,4,"Price"
62,"Male",NA,"Yes",377.171836697374,259.298794404889,8,2,5,2,1,2,1,4,1,4,1,4,"Price"
59,"Male",NA,"Yes",723.76315481982,179.830239405027,8,2,5,2,1,3,1,4,1,4,1,4,"Price"
58,"Male",118652.543910135,"Yes",658.979986060644,208.689015550732,6,2,5,1,1,2,1,4,1,4,2,4,"Price"
61,"Male",NA,"Yes",358.173344451007,315.417780609629,4,5,5,1,1,3,1,4,1,4,2,4,"Price"
61,"Female",117816.766368306,"Yes",607.779586109388,207.017914650775,5,3,5,2,1,3,1,4,1,5,1,4,"Price"
61,"Male",NA,"Yes",409.444952249838,341.657504639132,7,5,4,2,1,3,1,4,1,4,2,4,"Price"
57,"Male",NA,"Yes",382.877287372486,171.647840000111,10,1,5,1,1,3,1,4,1,4,2,4,"Price"
55,"Female",127716.490479305,"Yes",494.943060224818,183.636122999183,7,3,5,2,1,2,1,4,1,4,2,4,"Price"
65,"Male",NA,"Yes",633.538829951488,202.92197050726,5,2,4,1,1,2,1,4,1,4,1,4,"Price"
58,"Male",NA,"Yes",528.371003420801,202.013400383433,8,4,4,2,1,3,1,4,1,4,1,4,"Price"
62,"Male",121172.129637032,"Yes",652.824925772909,185.314427246596,5,1,4,1,1,3,1,4,1,4,1,4,"Price"
59,"Male",115395.504380207,"Yes",622.811782599104,192.091080889157,6,3,4,2,1,3,1,4,1,4,2,4,"Price"
60,"Female",123866.643132456,"Yes",441.307240158081,166.770976010258,7,2,5,2,1,2,1,4,1,4,2,4,"Price"
64,"Male",113301.477043988,"Yes",459.950365845664,252.772379978243,2,3,5,1,1,3,1,4,1,4,2,4,"Price"
61,"Male",133463.924812121,"Yes",627.132061724953,151.89102076118,4,3,4,1,1,3,1,4,1,4,2,4,"Price"
56,"Female",119472.282065199,"Yes",515.677483384962,197.698368634761,8,6,5,2,1,3,1,4,1,5,1,4,"Price"
62,"Female",119460.513476307,"Yes",532.322128995554,176.853376019301,4,5,4,1,1,2,1,4,1,4,1,4,"Price"
58,"Female",119232.913767043,"Yes",568.625794249309,253.940142706807,7,1,4,2,1,3,1,4,1,4,2,4,"Price"
58,"Female",NA,"Yes",420.661724258641,208.863815135103,7,2,5,2,1,2,1,4,1,4,2,4,"Price"
60,"Female",NA,"Yes",477.954101244012,198.954727724301,7,2,5,2,1,2,1,4,1,3,2,4,"Price"
59,"Female",NA,"No",434.725218964746,239.825474259273,4,2,5,2,1,3,1,4,1,4,1,4,"Price"
53,"Female",121088.516894945,"No",556.919258931566,163.27668627934,5,2,4,1,1,2,1,4,1,4,1,4,"Price"
63,"Male",125301.586551629,"Yes",544.098726953667,233.973363499137,8,5,5,1,1,2,1,4,1,4,1,4,"Price"
61,"Male",NA,"Yes",416.484388728378,235.549221840321,4,3,4,1,1,3,1,4,1,4,2,4,"Price"
56,"Female",NA,"Yes",427.013921478414,279.097762218323,3,1,5,1,1,3,1,4,1,4,1,4,"Price"
56,"Male",106711.838825183,"Yes",410.571989632872,132.02404980415,5,3,4,1,1,2,1,4,1,4,1,4,"Price"
64,"Female",NA,"Yes",302.397907491304,112.589778440684,6,3,5,2,1,2,1,4,1,4,1,4,"Price"
60,"Male",127819.515863922,"Yes",423.173671645724,255.742505988518,5,5,5,1,1,3,1,4,1,4,2,4,"Price"
62,"Male",129257.965417189,"No",555.287578608628,142.393869395045,5,4,5,2,1,3,1,4,1,4,2,4,"Price"
66,"Male",117316.816318612,"Yes",499.105717443979,158.879341620318,10,2,5,2,1,2,1,4,1,4,1,4,"Price"
67,"Female",113785.965704328,"Yes",504.503279485793,193.11441985563,4,1,4,1,1,3,1,4,1,4,2,4,"Price"
60,"Female",115339.642377039,"Yes",538.183715716857,144.366202670269,6,1,5,1,1,3,1,4,1,4,2,4,"Price"
63,"Female",122790.147316352,"Yes",341.834227496137,158.818243414285,6,6,5,2,1,2,1,4,1,4,1,4,"Price"
60,"Female",126579.166740062,"Yes",257.902624370202,222.287143421325,3,2,5,1,1,2,1,4,1,4,1,4,"Price"
67,"Male",126650.89021059,"Yes",430.931225357729,177.611842119907,6,4,4,1,1,3,1,4,1,4,2,4,"Price"
58,"Male",NA,"No",302.816855801023,181.83928437888,9,4,4,1,1,2,1,4,1,4,1,4,"Price"
60,"Female",NA,"Yes",582.588841402366,220.78212688128,7,2,4,1,1,3,1,4,1,4,1,4,"Price"
65,"Female",111526.066284485,"Yes",406.399756843263,189.853963886385,6,4,5,1,1,2,1,4,1,4,2,4,"Price"
59,"Female",122550.144797824,"No",620.794629748311,185.130714484452,7,1,4,1,1,2,1,4,1,4,2,4,"Price"
61,"Male",116833.420704306,"Yes",311.89832267197,254.31157199634,7,2,5,1,1,3,1,4,1,4,2,4,"Price"
65,"Male",127422.134249677,"Yes",567.832673990815,199.961643506618,8,2,4,2,1,2,1,4,1,4,2,4,"Price"
64,"Female",130855.782338628,"Yes",399.354989604505,217.988536419787,6,4,5,1,1,2,1,4,1,4,2,4,"Price"
56,"Female",124593.405049198,"Yes",212.917422988788,192.376153196758,7,1,5,2,1,3,1,4,1,4,2,4,"Price"
60,"Male",117161.059113419,"Yes",465.020120738555,246.808274709838,4,2,5,1,1,2,1,4,1,4,2,4,"Price"
60,"Male",112290.195277578,"Yes",430.542817746483,136.681592799026,7,3,4,2,1,3,1,4,1,4,1,4,"Price"
68,"Male",124418.68684894,"Yes",389.166897887005,206.568505102716,5,1,5,1,1,3,1,4,1,4,1,4,"Price"
55,"Female",NA,"Yes",475.580145820798,163.122773123121,8,4,5,2,1,2,1,4,1,4,1,4,"Price"
62,"Male",NA,"Yes",518.882764631925,229.376107801754,7,2,5,2,1,3,1,4,1,4,2,4,"Price"
54,"Male",127204.439758142,"Yes",597.485296521212,155.138237465014,4,3,4,2,1,3,1,4,1,4,2,4,"Price"
59,"Female",116489.449199313,"Yes",469.335367122775,205.453934276985,6,2,4,2,1,2,1,4,1,4,2,4,"Price"
60,"Male",121120.144252981,"No",452.640697368603,256.675369738663,11,1,4,2,1,3,1,4,1,4,1,4,"Price"
60,"Female",121269.400856541,"Yes",471.141944747755,233.394045699432,5,2,5,1,1,3,1,4,1,4,2,4,"Price"
62,"Male",NA,"Yes",406.922102372848,159.742501654125,8,4,4,1,1,3,1,4,1,4,1,4,"Price"
59,"Male",132961.008437655,"Yes",518.476640582833,208.18342905357,10,1,4,2,1,3,1,5,1,4,1,4,"Price"
59,"Male",NA,"Yes",471.229116797594,252.30022140426,6,3,5,2,1,2,1,4,1,4,2,4,"Price"
59,"Male",NA,"Yes",390.838933853619,217.023060581787,1,2,5,2,1,2,1,4,1,4,2,4,"Price"
60,"Female",128337.038622473,"Yes",518.907431791406,202.168955210254,6,5,5,2,1,3,1,4,1,4,1,4,"Price"
62,"Male",121456.182625087,"Yes",410.147629182182,68.8172275041314,5,4,4,1,1,2,1,4,1,4,2,4,"Price"
60,"Male",125823.985485935,"Yes",510.711371513913,335.136307148964,4,4,4,2,1,3,1,4,1,4,1,4,"Price"
61,"Male",120403.116156512,"Yes",519.123605653756,251.424184443947,6,7,5,1,1,3,1,4,1,4,2,4,"Price"
54,"Female",108160.904694844,"Yes",377.90793864823,176.643819137325,5,3,4,1,1,2,1,4,1,4,2,4,"Price"
59,"Female",129714.952826604,"Yes",566.894138949784,130.030560069847,9,1,4,1,1,3,1,4,1,4,2,4,"Price"
55,"Male",NA,"Yes",481.953143479634,212.626249895482,5,2,5,2,1,2,1,4,1,4,2,4,"Price"
55,"Male",121292.586100384,"No",413.652745362345,213.286331410978,9,3,5,2,1,2,1,4,1,4,1,5,"Price"
62,"Male",124250.511791996,"Yes",427.866876557753,93.995904562246,6,2,5,1,1,2,1,5,1,4,1,4,"Price"
54,"Female",NA,"Yes",375.353821034152,130.695863271979,10,1,4,2,1,3,1,4,1,4,2,4,"Price"
61,"Male",NA,"Yes",566.911064426605,224.300091447383,4,2,5,1,1,2,1,4,1,4,2,4,"Price"
59,"Female",116346.905626492,"Yes",428.816061245142,79.3956882900377,6,2,4,2,1,3,1,4,1,4,1,4,"Price"
61,"Male",114549.533921625,"Yes",647.964281113413,172.580927792572,5,2,4,1,1,3,1,4,1,4,2,4,"Price"
62,"Female",122185.548727372,"Yes",512.340920740126,215.435260728387,7,3,5,1,1,3,1,4,1,4,2,4,"Price"
59,"Female",124381.566929204,"Yes",497.984288756407,244.648145740069,3,3,5,1,1,2,1,4,1,4,2,4,"Price"
62,"Female",119770.510468037,"Yes",464.276455391292,237.743416199662,3,2,5,1,1,2,1,4,1,5,1,4,"Price"
64,"Female",NA,"Yes",499.332612882959,208.467325646149,7,3,5,2,1,2,1,4,1,4,1,4,"Price"
64,"Male",114683.149228934,"Yes",521.716382609991,203.822302669043,6,1,4,1,1,2,1,4,1,4,1,4,"Price"
59,"Male",NA,"Yes",306.187652955226,161.158073733343,8,3,5,1,1,2,1,4,1,4,1,4,"Price"
60,"Female",113287.197711804,"Yes",677.071727027991,243.168849625623,10,5,5,1,1,3,1,4,1,4,2,4,"Price"
57,"Male",129904.42845559,"Yes",675.819722573889,240.77893810022,6,1,5,2,1,3,1,4,1,4,2,4,"Price"
61,"Male",118474.702538845,"Yes",209.331219511533,142.541609080476,7,3,4,2,1,2,1,4,1,4,1,4,"Price"
56,"Male",NA,"Yes",324.577748048482,183.97793793268,3,4,4,2,1,3,1,4,1,4,1,4,"Price"
56,"Female",126413.107389386,"Yes",602.56998567195,129.445457641707,8,3,4,1,1,2,1,4,1,4,1,4,"Price"
66,"Female",NA,"Yes",517.033999904169,152.25812678071,5,4,5,1,1,3,1,4,1,4,2,4,"Price"
63,"Male",NA,"Yes",593.781272671662,225.878688784543,5,2,5,2,1,3,1,4,1,4,1,4,"Price"
65,"Female",123786.129257649,"Yes",493.167813421015,196.798447532962,2,3,4,1,1,3,1,4,1,4,2,4,"Price"
56,"Male",111407.831458103,"Yes",630.630737495232,275.475639526124,8,2,5,2,1,3,1,4,1,4,1,4,"Price"
53,"Female",NA,"Yes",526.531070551624,145.408200217311,5,3,5,2,1,2,1,4,1,4,2,4,"Price"
62,"Female",129469.351712779,"Yes",688.059447193736,189.395444126427,4,2,5,1,1,2,1,4,1,4,1,4,"Price"
63,"Female",NA,"Yes",314.440227828155,145.214511888078,7,4,4,1,1,2,1,4,1,4,1,4,"Price"
56,"Male",NA,"Yes",468.04400817549,150.584565889974,4,5,4,1,1,2,1,4,1,4,2,4,"Price"
59,"Male",126272.231306498,"Yes",377.341601573862,234.590363155446,11,2,4,1,1,3,1,4,1,4,2,4,"Price"
62,"Female",108395.749453865,"Yes",446.126400984857,238.230570589096,9,3,5,2,1,2,1,4,1,4,2,4,"Price"
58,"Male",NA,"Yes",405.502266349179,119.231746313016,8,3,5,1,1,2,1,4,1,4,2,4,"Price"
54,"Male",108699.220678162,"Yes",574.896287736436,245.278267551953,5,4,4,1,1,2,1,4,1,4,1,4,"Price"
59,"Female",112985.175446577,"Yes",456.889543935957,181.697342228205,5,1,5,1,1,3,1,4,1,4,2,4,"Price"
61,"Male",NA,"Yes",701.433753303387,254.797295384783,6,6,5,1,1,3,1,4,1,4,2,4,"Price"
61,"Female",NA,"Yes",608.424045145453,301.546088811338,9,2,4,1,1,2,1,4,1,4,1,4,"Price"
61,"Female",NA,"Yes",539.683421993319,223.321278066249,6,2,4,2,1,2,1,4,1,4,1,4,"Price"
56,"Male",NA,"Yes",517.918480315162,233.060390949825,5,2,4,1,1,3,1,4,1,4,1,4,"Price"
57,"Female",131449.330212579,"Yes",390.144443810372,147.846161447918,7,2,4,1,1,2,1,4,1,4,2,4,"Price"
59,"Male",115900.240447387,"Yes",528.067537003965,186.367740224507,5,4,4,2,1,2,1,4,1,4,2,4,"Price"
56,"Female",NA,"Yes",602.225958654511,191.31458977155,7,1,5,2,1,2,1,4,1,4,2,4,"Price"
62,"Female",110510.446501972,"Yes",473.652350020648,253.328329644386,7,1,5,1,1,2,1,4,1,4,2,4,"Price"
61,"Female",NA,"Yes",458.841300022955,156.639551745717,8,4,5,1,1,3,1,4,1,4,2,4,"Price"
57,"Male",NA,"Yes",317.470197809927,187.414891488783,5,3,4,1,1,2,1,4,1,4,1,4,"Price"
63,"Female",124567.735094961,"Yes",471.553795000274,202.653963884349,4,3,5,1,1,3,1,4,1,4,2,4,"Price"
58,"Male",119447.842336129,"Yes",466.051278271315,249.348462717629,5,2,5,2,1,3,1,4,1,4,2,4,"Price"
59,"Female",123706.461541809,"Yes",314.283432780188,212.450331743021,4,4,5,2,1,2,1,4,1,4,2,4,"Price"
63,"Female",134146.428238171,"Yes",549.934693103175,241.298122850005,8,4,5,2,1,3,1,4,1,4,2,4,"Price"
54,"Male",111546.546506492,"Yes",540.585268972968,189.29111805848,6,3,5,2,1,3,1,4,1,4,1,4,"Price"
61,"Male",119539.707684918,"Yes",700.888735156391,247.785694353688,7,3,5,2,1,3,1,4,1,4,2,4,"Price"
59,"Male",123975.841105802,"Yes",526.683449428706,198.841692352513,2,3,4,2,1,3,1,4,1,4,2,4,"Price"
59,"Male",119460.576830347,"Yes",587.793420815197,181.953585368554,7,7,5,2,1,2,1,4,1,4,1,4,"Price"
63,"Female",134418.297737802,"Yes",488.710246910172,254.338864140609,8,3,5,2,1,3,1,4,1,4,2,4,"Price"
61,"Female",121045.819785544,"Yes",330.398302104232,168.520981630491,5,1,4,1,1,2,1,4,1,4,1,4,"Price"
60,"Female",119772.141959094,"Yes",747.000055322626,127.503718027306,9,2,4,1,1,3,1,4,1,4,2,4,"Price"
60,"Female",106707.682208038,"No",418.567563233189,244.420862056485,5,3,4,2,1,3,1,4,1,4,2,4,"Price"
56,"Male",NA,"Yes",419.67016157881,192.37188802984,3,1,4,1,1,2,1,4,1,4,1,3,"Price"
63,"Male",NA,"Yes",584.146824827496,320.957918459687,5,3,5,2,1,3,1,4,1,4,1,4,"Price"
58,"Male",116515.664608367,"Yes",588.932075648381,110.146740084202,8,7,5,1,1,3,1,4,1,4,2,4,"Price"
61,"Male",124903.006906598,"Yes",390.91756779228,109.298536831864,4,2,5,1,1,3,1,4,1,4,2,4,"Price"
58,"Male",111364.473827394,"Yes",402.107722664247,179.166283390469,7,3,5,2,1,3,1,4,1,4,1,4,"Price"
57,"Female",119469.691027694,"Yes",515.526907814594,153.164584344962,9,4,5,2,1,2,1,4,1,4,2,4,"Price"
63,"Male",118612.891496784,"Yes",571.589641088828,230.384982292512,5,3,5,2,1,3,1,4,1,4,2,4,"Price"
60,"Female",118608.976793675,"Yes",645.096696897376,169.311477174005,8,3,4,1,1,3,1,4,1,4,2,4,"Price"
65,"Male",99409.4077624164,"Yes",526.471548397428,270.555034241287,3,5,5,2,1,3,1,4,1,4,2,4,"Price"
57,"Female",124553.953583129,"Yes",307.634631330417,310.261100557224,11,5,5,2,1,2,1,4,1,4,1,4,"Price"
53,"Male",NA,"Yes",586.198728762543,195.133833669528,9,1,4,2,1,2,1,4,1,4,2,4,"Price"
69,"Male",119551.954447609,"No",603.71681222414,245.996305097912,3,3,4,2,1,3,1,4,1,4,2,4,"Price"
59,"Female",118706.918564716,"Yes",618.787024758507,192.681230752873,5,5,4,1,1,2,1,4,1,4,1,4,"Price"
60,"Male",106360.068189752,"Yes",658.020505184124,199.558088117143,10,4,4,2,1,3,1,4,1,4,2,4,"Price"
60,"Male",134576.777314663,"Yes",339.322119600105,174.005366769539,3,3,5,2,1,3,1,4,1,4,2,4,"Price"
60,"Male",NA,"Yes",562.559297231278,210.148742738848,4,6,4,1,1,2,1,4,1,4,2,4,"Price"
62,"Male",NA,"Yes",503.1982746705,206.862270865127,10,6,5,2,1,2,1,4,1,4,1,4,"Price"
67,"Female",127121.496388938,"Yes",348.597847871798,200.550677966855,5,3,4,1,1,2,1,4,1,4,1,4,"Price"
64,"Male",NA,"Yes",426.665255642181,240.026767015307,4,1,4,2,1,2,1,4,1,4,2,4,"Price"
62,"Female",NA,"Yes",639.664485842136,215.995479706242,5,2,5,2,1,3,1,4,1,4,2,4,"Price"
65,"Male",123844.75019001,"No",554.001642304826,184.050927654621,9,7,4,2,1,3,1,4,1,4,2,4,"Price"
66,"Male",133819.052365741,"Yes",400.964169505877,307.503182275945,6,2,4,1,1,3,1,4,1,4,1,4,"Price"
59,"Male",104521.45145754,"Yes",461.714142753035,182.081344028658,6,3,4,1,1,3,1,4,1,4,1,4,"Price"
57,"Female",114556.624799156,"No",426.95440841889,247.14675718059,3,5,4,2,1,3,1,4,1,4,1,4,"Price"
64,"Male",NA,"Yes",343.730287400968,254.738592347289,11,3,4,1,1,2,1,4,1,4,1,4,"Price"
60,"Male",121940.028237279,"Yes",480.866363933044,230.483710231733,5,2,4,2,1,2,1,4,1,4,2,4,"Price"
60,"Female",NA,"Yes",422.218231310231,270.144817997567,5,4,4,1,1,2,1,4,1,4,2,4,"Price"
55,"Male",NA,"Yes",483.423171596358,203.277903929872,5,4,4,1,1,2,1,4,1,4,1,4,"Price"
57,"Female",NA,"Yes",641.059833856076,187.330569544931,10,1,4,1,1,2,1,4,1,4,2,4,"Price"
58,"Female",126646.084638854,"Yes",611.733978758671,222.438699137388,3,6,4,2,1,3,1,4,1,4,2,4,"Price"
58,"Female",117707.430222512,"Yes",416.696598416993,236.343600764499,6,2,4,1,1,3,1,4,1,4,2,4,"Price"
58,"Male",145345.233462286,"Yes",690.216310681527,164.243073523884,6,4,5,2,1,3,1,4,1,5,2,4,"Price"
60,"Female",130676.867238125,"Yes",615.465649620743,171.37188221553,6,5,5,2,1,2,1,4,1,4,1,4,"Price"
57,"Female",118731.83227486,"Yes",486.927645974215,224.390253652366,4,2,5,1,1,2,1,4,1,4,2,4,"Price"
58,"Male",126062.192615294,"Yes",682.233905698446,208.308045618797,6,2,4,1,1,3,1,4,1,4,2,4,"Price"
55,"Male",115302.564886003,"Yes",451.596530129866,213.642429537176,6,4,5,1,1,3,1,4,1,4,1,4,"Price"
62,"Male",NA,"Yes",521.234309429615,273.487516226249,3,1,5,2,1,3,1,4,1,4,1,4,"Price"
60,"Male",118625.27576903,"Yes",540.17398451907,238.248158886134,4,4,4,1,1,3,1,4,1,4,1,4,"Price"
60,"Male",114025.414933535,"Yes",412.007938616886,252.690056713661,4,2,4,2,1,3,1,4,1,4,1,4,"Price"
56,"Male",107039.254305016,"Yes",538.192216574731,275.537884525686,6,2,4,1,1,2,1,4,1,4,2,4,"Price"
59,"Female",NA,"Yes",518.458777641063,161.040665544737,5,2,5,1,1,2,1,4,1,4,1,4,"Price"
60,"Female",127042.114049714,"Yes",534.476098311294,273.484937844798,9,4,4,2,1,3,1,4,1,4,2,4,"Price"
55,"Male",123607.621785211,"Yes",568.553182325852,253.355556432268,4,6,4,2,1,3,1,4,1,4,1,4,"Price"
58,"Male",141349.004843405,"Yes",528.51363067009,269.110143217783,7,2,5,2,1,3,1,4,1,4,1,4,"Price"
59,"Male",104865.541624984,"Yes",565.653642777084,144.757127138058,6,1,5,2,1,2,1,4,1,4,1,4,"Price"
55,"Male",NA,"Yes",345.2730179075,207.976430357096,10,4,4,2,1,2,1,4,1,4,1,4,"Price"
58,"Male",120408.58164735,"Yes",270.022860342931,198.477321866705,3,5,5,2,1,3,1,4,1,4,2,4,"Price"
55,"Female",123505.15605629,"Yes",502.747125620357,250.529318947815,3,2,4,2,1,2,1,4,1,4,1,4,"Price"
59,"Male",114339.226180055,"Yes",452.884466708457,309.752961552779,2,2,4,1,1,3,1,4,1,4,1,4,"Price"
62,"Female",115345.968204233,"Yes",566.78124781366,77.9317081304493,7,1,5,1,1,3,1,4,1,4,1,4,"Price"
61,"Male",NA,"Yes",557.126292175694,279.207762968355,5,2,4,1,1,3,1,5,1,4,1,4,"Price"
57,"Female",NA,"Yes",513.02587665153,112.251425369384,12,2,5,2,1,2,1,4,1,4,2,4,"Price"
57,"Male",NA,"Yes",333.989818429392,261.334128482898,4,4,4,1,1,2,1,4,1,4,2,4,"Price"
61,"Female",121936.918703073,"Yes",563.422972483048,177.004911334243,10,3,5,1,1,2,1,4,1,4,1,4,"Price"
63,"Female",NA,"Yes",521.414652614751,264.488426138637,5,2,5,2,1,3,1,4,1,4,1,4,"Price"
63,"Female",NA,"Yes",615.356820304503,226.389429656417,7,4,5,2,1,2,1,4,1,4,2,4,"Price"
54,"Male",127793.51728173,"Yes",579.205497703993,172.486734347026,3,5,5,1,1,3,1,4,1,4,1,4,"Price"
65,"Male",126479.290626338,"Yes",519.502317806794,157.884296408407,8,3,4,1,1,3,1,4,1,4,1,4,"Price"
40,"Male",NA,"Yes",3562.23040679032,7264.48716146612,12,8,1,4,5,4,4,4,4,1,4,1,"Conspicuous"
39,"Male",180890.603383274,"Yes",3955.47666839065,4677.19468658152,7,8,1,4,5,4,4,4,4,1,4,1,"Conspicuous"
38,"Male",190940.925529752,"Yes",5058.13417530256,4499.60509121009,9,12,1,4,5,4,4,4,4,1,4,1,"Conspicuous"
36,"Male",106483.058836832,"Yes",3891.60941533991,3401.05288488658,18,9,1,4,4,4,4,4,4,1,4,1,"Conspicuous"
40,"Female",227057.242182913,"Yes",5416.70821896968,2784.95597244507,10,8,1,4,5,4,4,4,4,1,4,1,"Conspicuous"
45,"Female",232140.398769079,"Yes",3078.96555676576,4515.8782220576,7,10,1,4,4,4,4,4,4,1,4,1,"Conspicuous"
42,"Female",NA,"Yes",3905.85771707409,3435.70135056185,10,15,1,4,4,4,4,4,4,1,4,2,"Conspicuous"
42,"Male",NA,"Yes",5095.05291760186,2869.87241581267,7,14,1,4,4,4,4,3,4,1,4,1,"Conspicuous"
41,"Male",NA,"No",4918.59468310592,6584.99625534805,11,13,1,4,5,4,4,4,4,1,4,1,"Conspicuous"
40,"Male",245176.201658468,"Yes",5509.25568851269,4742.38646303682,12,12,1,4,4,4,4,4,4,1,4,2,"Conspicuous"
43,"Male",NA,"Yes",3835.71064655362,4931.94640189526,6,16,1,4,4,4,4,4,4,1,4,2,"Conspicuous"
45,"Male",197652.949273685,"No",4541.66657778903,6692.99289349015,15,6,1,4,4,4,4,4,4,1,4,1,"Conspicuous"
40,"Male",301398.026985122,"Yes",4840.46078736722,3618.21199863022,10,11,1,4,4,4,4,4,4,1,4,1,"Conspicuous"
38,"Female",189199.124699964,"Yes",5120.10937941559,3398.2798643498,11,9,1,4,5,4,4,4,4,1,4,2,"Conspicuous"
42,"Male",NA,"No",6841.43816386015,6070.81164054158,12,8,1,4,5,4,4,4,4,1,4,1,"Conspicuous"
37,"Male",260037.317618991,"Yes",3724.68689685814,4714.1770370277,4,13,1,4,4,4,4,4,4,1,4,2,"Conspicuous"
41,"Male",186455.536984347,"Yes",4530.41476223006,5148.71701011822,7,8,1,4,4,4,4,4,4,1,4,1,"Conspicuous"
55,"Female",222737.735452606,"No",4642.75323939131,4636.41556845195,5,12,1,4,5,5,4,4,4,1,4,1,"Conspicuous"
45,"Male",189379.446370955,"Yes",3031.85841561983,6259.34969090485,8,8,1,4,5,4,4,4,4,1,4,1,"Conspicuous"
48,"Male",176784.735370394,"No",6878.9571032441,4208.65861961363,10,15,1,4,5,4,4,4,4,1,4,1,"Conspicuous"
42,"Female",197428.605780558,"Yes",6033.27199806021,2628.73705397263,11,8,1,4,4,4,4,4,4,1,4,2,"Conspicuous"
36,"Female",NA,"Yes",5740.79614971205,2752.77173185382,12,16,1,4,4,4,4,4,4,1,4,2,"Conspicuous"
47,"Male",88844.3679060322,"Yes",4747.81902211665,3654.99900497978,13,12,1,4,4,4,4,4,4,1,4,1,"Conspicuous"
38,"Male",267564.873849024,"Yes",5335.11429268929,6052.43774321161,8,10,1,4,5,4,4,4,4,1,4,1,"Conspicuous"
38,"Female",179326.351834128,"Yes",4365.14172488936,4309.18302035045,6,12,1,4,5,4,4,4,4,1,4,2,"Conspicuous"
42,"Male",NA,"Yes",5263.15211363982,3924.33979653521,10,15,1,4,4,4,4,4,4,1,4,1,"Conspicuous"
35,"Female",167613.31843402,"Yes",5375.21333572448,4026.04183576678,8,9,1,4,4,4,4,4,4,1,4,2,"Conspicuous"
34,"Male",176474.764520067,"Yes",6621.83220095945,4288.31906922491,13,13,1,4,5,4,4,4,4,1,4,1,"Conspicuous"
42,"Male",184351.769373506,"Yes",6319.07181050455,3765.25097807722,10,14,1,4,4,4,4,4,4,1,4,1,"Conspicuous"
36,"Female",190845.983699356,"Yes",4806.61054224226,6590.34058350835,12,8,1,4,4,4,4,4,4,1,4,2,"Conspicuous"
33,"Female",217050.855189309,"Yes",3645.45249443603,2529.50800281496,14,14,1,4,4,4,4,4,4,1,3,2,"Conspicuous"
39,"Female",NA,"Yes",3103.36365035109,3070.80841160403,10,11,1,4,5,4,4,4,4,1,4,1,"Conspicuous"
50,"Female",263857.991475087,"Yes",5813.80200710648,7448.72933336051,11,11,1,4,5,4,4,4,4,1,4,1,"Conspicuous"
39,"Male",91326.3912315556,"Yes",4960.4078051475,3078.76871822185,12,7,1,4,4,4,4,4,4,1,4,1,"Conspicuous"
44,"Female",NA,"Yes",4842.82230281578,6227.72293523436,11,13,1,4,4,4,4,4,4,1,4,1,"Conspicuous"
44,"Female",206791.116827992,"Yes",5010.12051592817,4343.06744821879,9,7,1,4,5,4,4,4,4,1,4,2,"Conspicuous"
42,"Male",141526.140907422,"Yes",5106.48155537278,6590.49831865153,13,14,1,4,4,4,4,4,4,1,4,1,"Conspicuous"
300,"Male",208017.455520589,"Yes",5076.80085360768,6053.48526814059,12,11,1,4,5,4,4,4,4,1,4,2,"Conspicuous"
38,"Female",164506.618664533,"Yes",3916.93090456902,5764.12349294246,11,10,1,4,4,4,4,4,4,1,4,1,"Conspicuous"
49,"Male",292445.672271014,"No",4693.30824588428,4361.45985154564,10,16,1,4,5,4,4,4,4,1,4,2,"Conspicuous"
31,"Female",159508.107605959,"Yes",5177.08094406626,8005.9317190371,11,13,1,4,4,4,4,4,4,1,4,2,"Conspicuous"
34,"Male",156882.118942303,"Yes",4792.69224866473,6627.55374207702,9,10,1,4,4,4,4,4,4,1,4,2,"Conspicuous"
41,"Male",NA,"Yes",5302.88854020318,2444.80702647689,11,12,1,4,4,4,4,4,4,1,4,1,"Conspicuous"
36,"Female",189098.917041829,"Yes",5155.06027859329,4362.70523854283,10,13,1,4,4,4,4,4,4,1,4,2,"Conspicuous"
48,"Male",124586.398419771,"No",5185.08138853969,6382.021815914,16,10,1,4,5,4,4,4,4,1,4,1,"Conspicuous"
36,"Male",171877.088537011,"Yes",5266.45392650875,4713.01307792255,14,8,1,4,5,4,4,4,4,1,4,2,"Conspicuous"
33,"Male",194786.533289808,"Yes",3224.26562021899,7563.33663957896,10,15,1,4,5,4,4,4,4,1,4,1,"Conspicuous"
33,"Male",319704.337940878,"Yes",5998.30528086025,4395.92316811515,9,11,1,4,4,4,4,4,4,1,4,2,"Conspicuous"
49,"Male",144163.583830325,"Yes",6210.90714318234,5148.91204151708,13,12,1,4,4,4,4,4,4,1,4,1,"Conspicuous"
41,"Male",217152.910645213,"Yes",5081.27404342726,5712.57877578159,15,12,1,4,4,4,4,4,4,1,4,1,"Conspicuous"
41,"Male",135441.338887334,"Yes",5841.66778692005,2746.99501712748,12,13,1,4,4,4,4,4,4,1,4,2,"Conspicuous"
36,"Male",271401.372054483,"Yes",4964.88223781984,5478.37578489136,8,11,1,4,4,4,4,4,4,1,4,1,"Conspicuous"
47,"Male",196924.940671981,"Yes",4525.90712576368,5995.03658973293,13,9,1,4,4,4,4,4,4,1,4,1,"Conspicuous"
41,"Male",172960.198908556,"Yes",4573.14535696532,5484.86878133943,8,9,1,4,4,4,4,4,4,1,4,1,"Conspicuous"
39,"Male",220098.446367665,"No",4357.8929145809,4825.81025098248,11,17,1,4,5,4,4,4,4,1,4,2,"Conspicuous"
37,"Male",148273.90427204,"Yes",4500.0100769165,5083.95115680645,9,12,1,4,4,4,4,4,4,1,4,2,"Conspicuous"
30,"Female",176388.901457772,"Yes",5698.21561166646,5966.45201306436,12,12,1,4,5,4,4,4,4,1,4,2,"Conspicuous"
40,"Male",258034.451692277,"Yes",5459.82790526927,4437.28389279618,10,9,1,5,5,4,4,4,4,1,4,2,"Conspicuous"
48,"Male",243303.636950152,"Yes",4126.04833696657,4016.95420676959,17,10,1,4,4,4,4,4,4,1,4,1,"Conspicuous"
41,"Male",199559.844672975,"No",3458.27575350694,3757.81289594708,14,12,1,4,4,4,4,4,4,1,4,1,"Conspicuous"
47,"Male",254559.027710769,"Yes",5139.54684256492,3630.68942854011,13,7,1,4,5,4,4,4,4,1,4,2,"Conspicuous"
44,"Male",295423.107590685,"No",5460.09607329046,5598.65776898424,11,12,1,4,4,4,4,4,4,1,4,2,"Conspicuous"
32,"Male",160866.921996046,"Yes",5511.83136118958,7579.47361168798,8,5,1,4,4,4,4,4,4,1,4,1,"Conspicuous"
41,"Male",183991.042983396,"Yes",4807.53965726657,3598.29748512479,14,12,1,4,5,4,4,4,4,1,4,2,"Conspicuous"
39,"Female",NA,"Yes",5907.90677689222,5462.77585141197,14,12,1,4,5,4,4,4,4,1,4,1,"Conspicuous"
40,"Male",129255.849306793,"Yes",4257.41536517086,4668.66045991316,13,12,1,4,4,4,4,4,4,1,4,2,"Conspicuous"
38,"Male",154788.699862996,"Yes",5598.62750139547,4183.50667697396,6,12,1,4,4,4,4,4,4,1,4,1,"Conspicuous"
41,"Male",NA,"Yes",5887.69777657498,3512.44784409607,6,10,1,4,5,4,4,4,4,1,4,1,"Conspicuous"
53,"Female",255253.743728525,"Yes",4739.67919698605,5385.38298665607,9,13,1,4,4,4,4,4,4,1,4,2,"Conspicuous"
32,"Male",NA,"Yes",4251.64248709105,2421.31314907263,11,15,1,4,5,4,4,4,4,1,4,2,"Conspicuous"
39,"Female",106557.126388086,"Yes",4542.77319698196,5558.26766288477,5,12,1,4,5,4,4,4,4,1,4,1,"Conspicuous"
45,"Female",220074.383083799,"No",5972.7176720698,5743.44079045732,13,11,1,5,5,4,4,4,4,1,4,2,"Conspicuous"
43,"Male",NA,"Yes",4502.8593755669,6887.8642935821,13,12,1,4,4,4,4,4,4,1,4,2,"Conspicuous"
43,"Male",107347.016570066,"Yes",4465.84236430252,3976.2025970453,12,13,1,4,4,4,4,4,4,1,4,1,"Conspicuous"
32,"Male",73951.9304610939,"Yes",5381.31230950477,4469.65518356148,16,10,1,4,5,4,4,4,4,1,4,1,"Conspicuous"
37,"Female",127372.619761822,"Yes",5229.72318617792,446.56900174922,11,10,1,4,4,4,4,4,4,1,4,2,"Conspicuous"
38,"Female",232698.747102985,"Yes",6397.63246209556,5551.21984153606,16,7,1,4,4,4,4,4,4,1,4,2,"Conspicuous"
48,"Male",153518.343584943,"Yes",4599.66027137295,5291.27145744852,14,9,1,4,4,4,4,4,5,1,4,2,"Conspicuous"
32,"Female",238802.627908467,"Yes",5065.50803573666,7231.26859372853,10,15,1,4,5,4,4,4,4,1,4,1,"Conspicuous"
48,"Female",192712.401927723,"Yes",6326.77250514707,2638.36906441465,12,8,1,4,4,4,4,4,4,1,4,1,"Conspicuous"
41,"Female",246951.973258726,"Yes",3311.12934856583,7178.19813784535,10,16,1,4,4,4,4,4,4,1,4,1,"Conspicuous"
45,"Male",137558.921988623,"No",6019.37022768231,3425.58501927217,12,7,1,4,5,4,4,4,4,1,4,2,"Conspicuous"
33,"Male",207885.999690535,"Yes",4309.89074573882,5302.00139936716,14,8,1,4,4,4,4,4,4,1,4,2,"Conspicuous"
42,"Male",168774.737440381,"Yes",4392.9936112239,5029.97134511172,11,4,1,4,4,4,4,4,4,1,4,1,"Conspicuous"
40,"Male",174715.715055282,"Yes",4630.56244199215,4760.95786233095,12,8,1,4,5,4,4,4,4,1,4,1,"Conspicuous"
36,"Male",147094.980900796,"Yes",6434.27578711617,3970.55633277607,9,17,1,4,5,4,4,4,4,1,4,1,"Conspicuous"
43,"Male",185240.978209938,"Yes",4852.40328722583,4489.93861856132,12,10,1,4,4,4,4,4,4,1,4,1,"Conspicuous"
40,"Male",261916.364571697,"Yes",4316.86843354213,6350.5134515142,11,7,1,4,5,4,4,4,4,1,4,1,"Conspicuous"
42,"Male",207788.583818195,"No",3653.68734492457,4952.69114581673,15,11,1,4,5,4,4,4,4,1,4,2,"Conspicuous"
48,"Male",205100.615969002,"No",5021.86209014656,3391.52400198729,11,5,1,4,5,4,4,4,4,1,4,1,"Conspicuous"
44,"Male",234535.645071688,"Yes",7074.41724635626,6972.33178659647,8,7,1,4,5,4,4,4,4,1,4,2,"Conspicuous"
34,"Male",131651.402489231,"No",4848.61603636586,4602.80250251074,13,17,1,4,5,4,4,4,4,1,4,1,"Conspicuous"
47,"Female",180859.315825833,"Yes",6582.39382517824,3642.04647044707,12,12,1,4,5,4,4,4,4,1,4,1,"Conspicuous"
40,"Male",240775.63902369,"No",5061.41927998742,4545.37117136095,8,13,1,4,4,4,4,4,4,1,4,2,"Conspicuous"
40,"Male",280652.793386425,"Yes",5084.76898412351,4167.10884856985,11,7,1,4,4,4,4,4,4,1,4,1,"Conspicuous"
40,"Female",148750.418904667,"Yes",6806.98623469523,5522.9621183097,11,12,1,4,4,4,4,4,4,1,4,1,"Conspicuous"
40,"Female",217599.734118646,"No",7023.68376217471,9479.44230953055,10,6,1,4,5,4,3,4,4,1,4,2,"Conspicuous"
41,"Female",247214.71244012,"Yes",4230.71429002313,6632.27101401229,13,14,1,4,4,4,4,4,4,1,4,1,"Conspicuous"
37,"Male",187062.939498778,"Yes",5931.74942521735,1942.17889057264,18,11,1,4,4,4,4,4,4,1,4,1,"Conspicuous"
40,"Male",245543.686270648,"Yes",4935.12082399754,5087.33868770742,10,10,1,4,4,4,4,4,4,1,4,2,"Conspicuous"
50,"Male",198177.084033255,"Yes",4513.99145033402,1910.46440292013,15,19,1,4,4,4,4,4,4,1,4,2,"Conspicuous"
36,"Male",268527.821856319,"Yes",6115.76603422065,5396.88111082355,8,13,1,4,4,4,4,4,4,1,5,2,"Conspicuous"
34,"Male",159307.038628631,"No",4992.92282542703,4036.43701882455,8,8,1,4,5,4,4,4,4,1,4,1,"Conspicuous"
40,"Male",225216.773097974,"Yes",4791.49061296137,5682.10722381313,13,9,1,4,5,4,4,4,4,1,4,1,"Conspicuous"
41,"Male",158261.464145382,"Yes",4581.57094917744,4322.49764158797,19,11,1,4,4,4,4,4,4,1,4,1,"Conspicuous"
35,"Female",225379.088817252,"No",4123.67205081068,3652.63167835515,12,12,1,4,5,4,4,4,4,1,4,1,"Conspicuous"
48,"Male",NA,"Yes",4457.03992913179,5722.16202119845,7,18,1,4,5,4,4,4,4,1,4,1,"Conspicuous"
30,"Male",234690.874434618,"No",5165.78977674695,5535.34862147457,9,8,1,4,5,4,4,4,4,1,4,2,"Conspicuous"
43,"Female",229673.654683374,"No",5614.97850167092,4860.79706064397,12,14,1,4,4,4,4,4,4,1,4,2,"Conspicuous"
44,"Male",NA,"Yes",5201.86047156567,2882.0320820716,13,7,1,4,5,4,4,4,4,1,4,2,"Conspicuous"
42,"Female",173379.107037539,"Yes",5650.15188874789,5332.80135580154,10,13,1,4,4,4,4,4,4,1,4,2,"Conspicuous"
34,"Male",NA,"Yes",5866.38778396609,6598.32507638419,4,10,1,4,4,4,4,4,4,1,4,1,"Conspicuous"
42,"Male",139589.491855117,"Yes",2364.91979584499,5965.11513889131,14,14,1,4,5,4,4,4,4,1,4,2,"Conspicuous"
40,"Male",NA,"Yes",6905.44447422785,6878.96527516519,10,13,1,4,5,4,4,4,4,1,4,1,"Conspicuous"
47,"Male",140225.820678389,"No",4387.14334236412,5211.13362519182,12,10,1,4,4,4,4,4,4,1,4,2,"Conspicuous"
43,"Female",217073.227540619,"Yes",5199.91082013569,6469.64559788987,13,6,1,4,4,4,4,4,4,1,4,2,"Conspicuous"
35,"Male",184215.721430552,"Yes",2715.06353524566,5972.82956292288,18,8,1,5,4,4,4,4,4,1,4,1,"Conspicuous"
45,"Male",84896.853797039,"No",4424.84411067042,5621.56325714116,11,7,1,4,4,4,4,4,4,1,4,1,"Conspicuous"
53,"Male",163900.943123556,"Yes",6513.26292370576,6233.20415531026,9,13,1,4,4,4,4,4,4,1,4,1,"Conspicuous"
47,"Male",NA,"Yes",5372.55638492181,2759.34085256742,11,13,1,4,5,4,4,4,4,1,4,2,"Conspicuous"
30,"Female",NA,"Yes",4361.1637525835,6665.26458788839,9,12,1,4,4,4,4,4,4,1,4,1,"Conspicuous"
40,"Female",149415.553307567,"No",3515.44524579066,6135.29783482319,5,14,1,4,5,4,4,4,4,1,4,1,"Conspicuous"
34,"Male",257557.852924726,"Yes",4602.50208407881,5342.44498162333,8,14,1,4,4,4,4,4,4,1,4,2,"Conspicuous"
41,"Male",NA,"Yes",5679.35045833968,3924.42465602921,12,8,1,4,4,4,4,4,4,1,4,1,"Conspicuous"
48,"Female",NA,"Yes",4807.4894258751,4996.91698084719,12,9,1,4,4,4,3,4,4,1,4,2,"Conspicuous"
42,"Male",293009.811755997,"Yes",5114.77993658565,4798.79414739255,12,9,1,4,5,4,4,4,4,1,4,1,"Conspicuous"
33,"Male",174461.035852419,"Yes",3916.76067388849,7322.93453112651,7,14,1,4,5,4,4,4,4,1,4,2,"Conspicuous"
43,"Female",190407.357307437,"Yes",4694.92232135798,7875.56244271753,6,11,1,4,5,4,4,4,4,1,4,2,"Conspicuous"
50,"Female",110149.313517391,"Yes",5102.7668466592,5478.85702604015,11,14,1,4,4,4,4,4,4,1,4,1,"Conspicuous"
38,"Female",247626.234595709,"Yes",5731.83879848872,5340.25441107555,12,7,1,4,5,4,4,4,4,1,4,1,"Conspicuous"
42,"Male",205640.673114896,"Yes",5294.5684933747,4751.08824383356,10,14,1,4,5,4,4,4,4,1,4,1,"Conspicuous"
51,"Male",119454.316803467,"Yes",4717.09563666222,5245.61868906748,12,11,1,4,4,4,4,4,4,1,4,2,"Conspicuous"
43,"Male",200490.513040939,"Yes",5411.82710312549,4309.56757421972,8,23,1,4,4,4,4,4,4,1,4,2,"Conspicuous"
37,"Male",197545.892379841,"Yes",5287.41480092342,4221.30935934079,8,11,1,4,5,4,4,4,4,1,4,1,"Conspicuous"
46,"Male",162740.966194752,"Yes",4922.52704259575,5346.71232895339,11,13,1,4,4,4,4,4,4,1,4,1,"Conspicuous"
42,"Male",177698.869126239,"Yes",5135.39579908169,7255.3561799391,5,6,1,4,4,4,4,4,4,1,4,1,"Conspicuous"
46,"Male",NA,"Yes",4117.31047303479,6144.89679161167,15,9,1,4,5,4,4,4,4,1,4,2,"Conspicuous"
43,"Male",130536.154624296,"Yes",5080.3531397085,4775.6862042427,13,15,1,4,5,4,4,5,4,1,4,2,"Conspicuous"
47,"Female",133037.537772528,"Yes",5114.69245760863,4685.06909308625,13,9,1,4,4,4,4,4,4,1,4,1,"Conspicuous"
34,"Female",210712.440204045,"Yes",5257.71802698796,4838.52722735659,13,10,1,4,4,4,4,4,4,1,4,1,"Conspicuous"
44,"Male",166319.346505115,"Yes",5568.43049269776,5608.00067149663,8,14,1,4,4,4,4,4,4,1,4,1,"Conspicuous"
41,"Male",200071.433266088,"Yes",7431.21800759653,5726.33935651263,8,15,1,4,5,4,4,4,4,1,4,2,"Conspicuous"
30,"Male",NA,"Yes",5130.69569642776,4546.07858685111,9,7,1,4,4,4,4,4,4,1,4,2,"Conspicuous"
43,"Female",244905.194585838,"Yes",4345.62076644641,5832.67894394836,10,14,1,4,5,4,4,4,4,1,4,1,"Conspicuous"
38,"Male",110136.832624483,"Yes",4364.83797108174,4809.2466659957,17,10,1,4,5,4,4,4,4,1,4,2,"Conspicuous"
38,"Male",220745.714756061,"Yes",5318.03454397684,4468.8675758977,14,18,1,4,4,4,4,4,4,1,4,2,"Conspicuous"
41,"Male",198365.484072264,"Yes",4279.4273682904,2208.08023108551,7,14,1,4,4,4,4,4,4,1,4,2,"Conspicuous"
38,"Female",271749.669436335,"Yes",5275.00282248712,3813.2107303581,5,15,1,4,4,4,4,4,4,1,4,2,"Conspicuous"
37,"Male",139062.795876456,"Yes",4070.68050188019,7595.57843440283,16,13,1,4,4,4,4,4,4,1,4,1,"Conspicuous"
47,"Male",228501.639144632,"Yes",4597.40622881741,4299.84029755656,9,18,1,4,5,4,4,4,4,1,4,1,"Conspicuous"
33,"Male",102389.638269935,"Yes",4070.76652010764,5683.64483239798,13,11,1,4,4,4,4,4,4,1,4,1,"Conspicuous"
36,"Male",228550.06074346,"Yes",3279.6208091935,8220.55543606859,8,12,1,4,5,4,4,4,4,1,4,1,"Conspicuous"
42,"Male",163589.558071767,"Yes",4068.02815105269,4190.32966801875,12,11,1,4,5,4,4,4,4,1,4,2,"Conspicuous"
44,"Male",170379.831564691,"Yes",4455.9399691833,7750.843744773,8,9,1,4,5,4,4,4,4,1,4,2,"Conspicuous"
51,"Female",172848.27249296,"Yes",5931.81603916753,4522.53615815821,10,11,1,4,5,4,4,4,4,1,4,2,"Conspicuous"
38,"Female",181306.875922374,"Yes",3142.75728522243,3806.80740283663,8,13,1,4,4,4,4,4,4,1,4,1,"Conspicuous"
41,"Male",317476.198766336,"Yes",3029.8442719051,4179.67069641638,11,12,1,4,5,4,4,4,4,1,4,2,"Conspicuous"
34,"Male",252650.784909281,"Yes",5310.27993311305,4312.20624551107,10,12,1,4,5,4,4,4,4,1,4,1,"Conspicuous"
39,"Male",259350.474522765,"Yes",50000,3172.26167444059,13,11,1,4,4,4,4,4,4,1,4,1,"Conspicuous"
44,"Female",NA,"Yes",4671.85021627604,3766.90595385082,7,7,1,4,5,4,4,4,4,1,4,1,"Conspicuous"
43,"Male",222222.22239854,"No",4867.46631312373,6509.24970232657,20,12,1,4,5,4,4,4,4,1,4,2,"Conspicuous"
41,"Female",NA,"Yes",4369.2108299124,4327.89711425491,6,13,1,4,4,4,4,4,4,1,4,1,"Conspicuous"
33,"Female",150413.143448371,"Yes",5827.06034798275,3857.15686253482,18,12,1,4,5,4,4,4,4,1,4,1,"Conspicuous"
39,"Female",227953.470160948,"No",5638.99452858546,6060.17571491474,9,11,1,4,4,4,4,4,4,1,4,1,"Conspicuous"
41,"Female",NA,"Yes",3786.739774674,8638.23904239291,14,10,1,4,4,4,4,4,4,1,4,2,"Conspicuous"
41,"Male",157409.265745449,"Yes",5008.31500244299,5758.64038784645,11,4,1,4,5,4,4,4,4,1,4,2,"Conspicuous"
40,"Male",NA,"Yes",4147.75194471895,1275.30332443655,16,5,1,4,4,4,4,4,4,1,4,1,"Conspicuous"
42,"Female",164408.118211038,"Yes",5389.0057590426,6134.82147098979,7,8,1,4,4,4,4,4,4,1,4,1,"Conspicuous"
39,"Male",236078.831616226,"Yes",4487.80025172665,4509.85165004968,6,9,1,4,5,4,4,4,4,1,4,1,"Conspicuous"
32,"Male",170208.533698668,"Yes",4696.58735817997,4840.46983266563,13,9,1,4,5,4,4,4,4,1,4,2,"Conspicuous"
48,"Male",NA,"Yes",4960.41649943678,5512.78427891867,9,8,1,4,5,4,4,4,4,1,4,2,"Conspicuous"
43,"Male",NA,"Yes",4120.58860323212,5030.20689261261,11,14,1,4,4,4,4,4,4,1,4,2,"Conspicuous"
39,"Male",254857.926312202,"Yes",6655.00887687472,3198.15100553435,10,15,1,4,4,4,4,4,4,1,4,2,"Conspicuous"
32,"Male",NA,"Yes",7600.84068835996,2911.38537113165,12,8,1,4,4,4,4,4,4,1,4,2,"Conspicuous"
36,"Male",140315.804192304,"Yes",6040.66639758984,5157.11714309394,9,10,1,4,5,4,4,4,4,1,4,2,"Conspicuous"
41,"Female",NA,"No",5022.70125087417,3757.21384154385,9,11,1,4,5,4,4,4,4,1,4,1,"Conspicuous"
40,"Male",224713.320904971,"Yes",4242.04178208237,5394.21694815391,12,9,1,4,5,4,4,4,4,1,4,1,"Conspicuous"
42,"Female",178619.315925204,"Yes",5753.21827295046,4099.50716531288,8,11,1,4,4,4,4,4,4,1,4,2,"Conspicuous"
37,"Male",247904.113581338,"Yes",5448.91552575184,5307.11982232409,7,10,1,4,4,4,4,4,4,1,4,2,"Conspicuous"
40,"Female",255186.804523007,"Yes",2709.87344433641,2033.85144826177,10,8,1,4,4,4,4,4,4,1,4,1,"Conspicuous"
46,"Male",217731.68114653,"Yes",3593.88678318785,4398.09419926715,17,7,1,4,5,4,4,4,4,1,4,1,"Conspicuous"
40,"Male",127078.287648445,"Yes",4471.94173196057,4951.41337472544,9,10,1,4,5,4,4,4,4,1,4,2,"Conspicuous"
37,"Male",208428.096948396,"Yes",6347.27426158088,5592.73673195879,16,7,1,4,4,4,5,4,4,1,4,1,"Conspicuous"
42,"Male",138567.205802345,"Yes",4541.05584368414,4949.03392899796,8,14,1,4,5,4,4,4,4,1,4,1,"Conspicuous"
35,"Female",130108.635316008,"Yes",6155.48026133513,6201.70896707355,9,13,1,4,5,4,4,4,4,1,4,1,"Conspicuous"
31,"Female",179653.23145609,"Yes",4762.24196216057,3879.53735356612,15,11,1,4,4,4,4,4,4,1,4,1,"Conspicuous"
42,"Female",NA,"Yes",3971.54513661175,2802.65328960536,10,11,1,4,5,4,4,4,4,1,4,2,"Conspicuous"
39,"Male",92394.5620892763,"Yes",4822.49601141776,5251.30566103357,8,5,1,4,5,4,4,4,4,1,4,2,"Conspicuous"
42,"Male",186606.307162771,"Yes",4714.91503531253,4882.96818338706,11,6,1,4,5,4,4,4,4,1,4,1,"Conspicuous"
44,"Female",204051.849626125,"No",5784.55438790708,2623.45874180186,14,12,1,4,4,4,4,4,4,1,4,1,"Conspicuous"
41,"Male",217297.477605825,"No",5773.52043786808,4641.28201321921,11,12,1,4,4,4,4,4,4,1,4,1,"Conspicuous"
38,"Male",NA,"Yes",5397.94686035072,2587.64636632365,10,9,1,4,4,4,4,4,4,1,4,1,"Conspicuous"
37,"Female",315697.156955637,"Yes",6548.97012066964,4284.06452951059,13,11,1,4,5,4,4,4,4,1,4,2,"Conspicuous"
29,"Female",247092.955321986,"Yes",4189.71901482818,6875.14097213738,13,15,1,4,5,4,4,4,4,1,4,2,"Conspicuous"
41,"Male",192073.966217717,"Yes",7014.68026264746,4817.97390643057,14,8,1,4,4,4,4,4,4,1,4,2,"Conspicuous"
42,"Male",206798.663706395,"Yes",5480.61690536062,4970.81790120985,7,12,1,4,4,4,4,4,4,1,4,1,"Conspicuous"
33,"Male",251580.574378629,"Yes",5342.87059698012,5952.70432583512,11,20,1,4,5,4,4,4,4,1,4,2,"Conspicuous"
37,"Male",118143.746035152,"Yes",6376.26535459639,7151.99502451292,13,9,1,4,4,4,4,4,4,1,4,2,"Conspicuous"
37,"Female",171940.53092655,"Yes",6676.56439159556,1559.8468433696,11,10,1,4,5,4,4,4,4,1,4,2,"Conspicuous"
33,"Female",197351.329481039,"Yes",4304.66509876225,3590.19839222659,9,15,1,4,5,4,4,3,4,1,4,1,"Conspicuous"
30,"Female",66316.631485624,"No",210.976622920421,1864.98239793864,1,15,4,2,2,4,2,2,4,2,2,2,"Quality"
36,"Female",73211.8693151548,"No",278.79172022494,1941.53198202658,2,14,5,1,3,4,3,2,4,1,3,2,"Quality"
36,"Female",NA,"No",330.063793180568,1795.22799333753,4,16,4,1,2,4,2,1,4,1,3,3,"Quality"
40,"Female",94279.0740451363,"No",364.611974081633,1521.96188698164,3,16,5,1,2,4,2,2,4,2,3,3,"Quality"
21,"Female",71473.28400347,"No",349.713052144391,2182.00690217272,2,15,5,2,3,4,2,1,4,2,3,2,"Quality"
19,"Male",79270.1714546126,"Yes",346.610073777493,2124.63840419704,4,27,4,2,2,4,2,2,4,1,3,3,"Quality"
25,"Female",69245.4699238543,"Yes",380.837297125242,2189.33438844906,4,10,4,1,3,4,3,2,4,2,3,2,"Quality"
38,"Female",60944.9217615233,"Yes",296.65243614588,2160.56882008242,3,10,4,1,2,4,3,1,4,1,2,2,"Quality"
40,"Male",NA,"No",255.198975904444,2076.82809459221,4,18,4,1,2,4,2,2,4,2,3,2,"Quality"
33,"Female",66345.9109807897,"No",189.117882590504,2005.69056075032,1,18,4,1,2,4,3,1,4,2,2,3,"Quality"
31,"Female",63881.4455403555,"Yes",269.537113914499,1916.11745893767,3,14,5,1,3,4,2,2,4,1,3,3,"Quality"
35,"Male",68918.1149904129,"Yes",201.871199752234,2418.43209928492,5,16,5,2,3,4,2,2,4,1,3,3,"Quality"
31,"Male",77909.4468638329,"Yes",293.24113718876,1745.8555846384,2,25,4,2,2,4,2,1,3,1,2,2,"Quality"
31,"Female",68034.6873377015,"No",381.333641684268,1793.15475022237,2,19,4,2,3,4,3,1,4,1,2,3,"Quality"
45,"Female",41775.637022548,"No",305.797354475858,2370.59845514023,2,14,4,2,2,4,3,2,4,1,2,3,"Quality"
35,"Female",68202.7310957972,"No",327.568610779197,1701.01480749804,1,23,4,2,3,4,2,2,4,2,2,3,"Quality"
41,"Female",72445.8077402909,"Yes",258.538553528556,1877.08852201228,4,14,4,2,2,4,3,2,4,1,2,2,"Quality"
33,"Female",62382.5064522896,"Yes",314.041507867587,1680.48029616199,3,18,4,1,2,4,2,1,4,1,3,2,"Quality"
35,"Female",85725.3153790153,"No",354.304493835087,1926.27405716702,4,13,4,1,2,4,3,2,4,2,2,3,"Quality"
33,"Male",NA,"No",265.654959648358,1892.55810099077,2,12,4,1,2,4,2,2,4,1,3,2,"Quality"
30,"Male",57171.0137989914,"Yes",298.728349274718,2208.76563921136,4,23,4,2,3,4,3,2,4,2,3,2,"Quality"
32,"Male",86840.1537506664,"No",348.10078519996,2029.02924470213,3,21,4,1,3,4,3,1,4,2,3,3,"Quality"
36,"Male",NA,"Yes",203.303595640627,2202.51468470882,2,15,5,1,2,4,2,2,4,2,2,2,"Quality"
34,"Female",82647.0293143427,"No",155.810944872126,2214.11461602824,1,16,5,2,3,4,3,1,4,2,3,3,"Quality"
39,"Female",63417.2140629565,"No",362.479515620671,1976.32730283359,4,16,5,1,3,4,3,1,4,2,3,3,"Quality"
45,"Female",54187.2526814726,"No",347.430592589857,2010.68293936498,2,17,4,2,2,4,3,1,4,1,2,3,"Quality"
27,"Male",67893.4108585967,"No",291.454208573565,1752.32664679922,2,17,4,2,2,4,2,2,4,2,2,2,"Quality"
39,"Male",69959.4388668866,"No",251.911033126134,1811.25412498469,6,16,5,1,2,4,3,1,4,2,2,2,"Quality"
37,"Female",62436.9677118627,"Yes",242.181487965473,1846.20867702558,5,18,5,2,3,4,3,2,4,2,3,2,"Quality"
45,"Female",73319.0913492509,"No",266.4666692038,2029.11290470184,1,21,5,1,2,4,2,2,4,1,3,2,"Quality"
33,"Female",NA,"No",278.610184597792,1868.19316000693,3,18,4,2,3,4,3,1,4,1,2,2,"Quality"
43,"Male",74626.2696209183,"No",342.820720290182,1933.07788264327,4,10,4,1,2,4,3,2,4,2,3,3,"Quality"
38,"Male",78948.1618757775,"No",268.886895220527,1889.84847051403,2,11,4,2,3,4,3,1,4,2,3,3,"Quality"
42,"Female",77492.2222686501,"Yes",343.314311744424,1852.35806002161,1,8,5,1,2,4,3,1,4,1,3,3,"Quality"
37,"Male",80765.5825337408,"No",340.709251417303,2033.19324168509,5,10,4,2,3,4,3,2,4,1,3,2,"Quality"
33,"Male",67273.6363848826,"Yes",248.185553015976,2075.61687296493,3,13,5,2,2,4,2,2,4,2,2,3,"Quality"
28,"Male",73422.5533392181,"Yes",325.292267985573,2278.97028787729,1,16,5,2,2,4,2,1,4,1,3,2,"Quality"
41,"Female",58604.7247041207,"No",344.786706848584,1660.43772494229,5,12,5,2,2,4,3,2,4,1,2,3,"Quality"
24,"Female",60377.3225671263,"No",338.664578265143,2328.167858354,3,26,4,2,3,4,3,2,4,2,3,2,"Quality"
39,"Male",86035.1749953032,"Yes",433.629330244014,2205.6356023828,3,14,4,1,2,4,2,2,4,1,2,3,"Quality"
52,"Female",70661.1515863645,"Yes",310.546545834968,1877.8246742617,4,20,4,1,3,4,3,2,4,1,2,3,"Quality"
33,"Male",70122.9313964428,"No",345.27727104371,1843.22543733195,2,18,4,1,2,4,2,1,4,2,2,3,"Quality"
41,"Male",64593.6947214917,"Yes",251.899241121947,1984.12980311594,4,27,5,2,2,4,3,2,4,2,2,3,"Quality"
28,"Male",65864.379654817,"Yes",330.368137539975,1783.44175967716,3,23,4,2,2,4,2,1,4,2,3,2,"Quality"
47,"Male",52253.3406385244,"No",304.417262589235,1765.02905707863,2,18,5,1,2,4,3,1,4,2,3,3,"Quality"
49,"Female",47102.6354812447,"No",330.931039535236,2191.16061390117,3,16,5,2,3,4,2,1,4,1,3,2,"Quality"
38,"Male",76596.1979966271,"No",257.936851249092,1813.49771995103,5,19,5,2,2,4,3,1,4,2,2,3,"Quality"
32,"Female",78075.0418320218,"No",276.87917310198,2126.37013361366,4,19,5,1,2,4,2,1,4,1,3,3,"Quality"
35,"Female",NA,"No",331.674176844842,2240.66755410936,4,14,5,2,3,4,2,1,4,2,2,3,"Quality"
25,"Female",66515.7819908666,"Yes",341.262317976037,2368.38924564317,2,19,5,2,2,4,3,1,4,2,2,3,"Quality"
39,"Female",89219.7464479766,"No",341.898547975375,1573.80358297669,2,14,4,1,3,4,3,2,4,1,3,3,"Quality"
35,"Male",52292.1112915169,"No",221.072034731358,1912.28111149369,3,18,5,1,3,4,2,1,4,2,2,2,"Quality"
30,"Female",NA,"No",381.754050647646,2093.3821002236,3,18,5,1,2,4,2,2,4,2,2,2,"Quality"
30,"Female",NA,"No",313.11140080276,2153.0954840646,6,16,5,1,2,4,3,2,4,1,3,2,"Quality"
26,"Female",NA,"No",263.431439386505,1880.14149217561,2,15,5,2,2,4,3,2,4,1,2,3,"Quality"
16,"Male",66303.077660037,"No",275.463842931334,2182.0421404064,1,15,5,1,2,4,3,2,4,2,2,3,"Quality"
32,"Male",NA,"Yes",316.815231698026,2143.10832957071,3,17,4,1,2,4,2,2,4,2,3,3,"Quality"
26,"Female",65784.9685902407,"Yes",265.510065354026,1855.81176730455,4,15,4,2,3,4,3,2,4,2,3,2,"Quality"
37,"Female",57462.6827634039,"No",339.246944212023,2219.610631407,2,17,5,2,3,4,3,2,4,1,3,3,"Quality"
36,"Female",64393.0690769132,"No",227.06068938666,1949.13040105045,4,20,4,2,2,4,2,2,4,1,2,3,"Quality"
38,"Male",NA,"No",291.097562136253,2153.60734029549,3,14,5,2,3,4,2,2,4,1,3,3,"Quality"
47,"Male",61983.6729733353,"No",340.239949263122,1942.69174153985,2,13,4,2,3,4,2,2,4,2,2,2,"Quality"
28,"Male",89322.3840496352,"No",342.380800023701,1840.74331344442,5,16,5,2,2,4,2,2,4,2,2,3,"Quality"
42,"Female",NA,"No",353.372745451471,2765.03941487681,3,11,4,1,3,4,3,2,4,2,3,3,"Quality"
34,"Female",65354.0253470666,"No",225.4828368953,1718.06240807866,1,17,5,1,3,4,3,2,4,1,3,3,"Quality"
30,"Male",65412.9328082059,"Yes",257.286922385426,1735.10097408319,4,13,5,1,2,4,2,2,4,2,3,3,"Quality"
44,"Male",75326.2080155584,"No",249.360261559147,1964.44073217424,2,22,5,2,2,4,3,2,4,1,2,2,"Quality"
37,"Female",76209.4161473328,"Yes",272.177969207409,2035.48790264604,2,15,4,2,3,4,2,2,4,2,2,3,"Quality"
32,"Male",72853.5851870166,"No",282.599010748012,1964.1669397391,1,22,4,1,2,4,2,2,4,1,3,3,"Quality"
34,"Female",71996.3929339152,"No",358.033165991925,2040.18973161083,5,21,4,1,2,4,2,1,4,1,3,2,"Quality"
35,"Male",60287.1935982574,"No",314.216899531478,1950.28809335997,5,15,4,1,3,4,3,2,4,2,2,2,"Quality"
33,"Male",71335.6340439981,"No",241.310067362617,2278.13863668936,3,18,4,1,2,4,2,1,4,1,2,2,"Quality"
42,"Female",71264.1512397809,"No",424.963018999902,1893.20005140821,2,6,5,2,3,4,3,2,4,1,3,3,"Quality"
44,"Male",51281.0082683455,"Yes",274.658129771335,1993.11509897369,4,8,5,2,3,4,3,1,4,2,2,2,"Quality"
34,"Female",73234.4947265396,"No",349.549069604302,2081.447616039,4,21,4,1,2,4,2,2,4,1,2,3,"Quality"
40,"Male",89468.2465119918,"Yes",290.76355502766,2258.77995089504,4,15,4,2,2,4,3,2,4,1,3,3,"Quality"
31,"Female",74734.1072761417,"Yes",253.250365645859,1941.31151966804,4,17,4,1,3,4,3,2,4,1,3,2,"Quality"
36,"Male",NA,"Yes",306.846686192052,2073.36389185035,1,17,4,1,3,4,3,1,4,2,3,2,"Quality"
40,"Female",62844.4487450184,"No",356.284094330251,2081.353548815,4,17,5,1,3,4,3,2,4,1,2,2,"Quality"
37,"Male",70207.4821320855,"No",305.111609542587,2208.14871465379,3,18,4,2,3,4,2,2,4,1,3,2,"Quality"
31,"Female",71248.8750655522,"No",265.422743773787,1743.05485620021,2,8,4,1,3,4,2,2,4,2,3,2,"Quality"
26,"Male",78942.489704655,"Yes",299.265204787787,1633.24504892389,5,12,5,2,3,4,2,2,4,1,3,3,"Quality"
36,"Female",NA,"No",303.06643643937,2287.72596102552,4,13,4,1,2,4,3,2,4,2,3,3,"Quality"
41,"Male",81855.0820232161,"No",256.323011479504,1805.31080417315,3,12,4,2,2,4,2,1,4,1,2,3,"Quality"
42,"Female",62933.4473513641,"Yes",373.368026398257,1973.84378720476,5,18,5,2,3,4,3,2,4,1,3,3,"Quality"
36,"Male",72641.3514656408,"No",313.442645242014,2063.70891290645,3,13,5,2,2,4,3,1,4,2,3,3,"Quality"
32,"Female",62880.8547673348,"No",270.5461760013,2174.10683208281,6,17,5,1,3,4,2,2,4,2,2,3,"Quality"
34,"Female",60521.7569037532,"No",299.30956210417,2054.17317197123,3,16,4,1,2,4,2,2,4,2,2,2,"Quality"
43,"Male",44160.4993462481,"No",307.644402830043,2103.37926255538,2,26,4,1,2,4,2,1,4,1,2,2,"Quality"
26,"Male",78240.9302716596,"No",430.248057970361,2091.46936260128,3,14,4,2,2,4,2,1,4,2,2,3,"Quality"
46,"Male",60177.8925377763,"Yes",323.358753174335,2099.71447129175,1,17,4,2,3,4,2,2,4,2,2,3,"Quality"
32,"Male",74317.2365329561,"No",308.709952578295,2140.08451803867,1,18,4,2,3,4,3,2,4,1,2,2,"Quality"
35,"Female",79196.5519590757,"No",334.963637260932,2140.33626650635,3,15,5,2,2,4,2,1,4,2,2,2,"Quality"
37,"Male",68482.8429001984,"No",212.29846235015,2107.28515927206,3,14,5,1,3,4,2,2,4,1,2,2,"Quality"
31,"Male",58372.2867995186,"No",291.280137938661,1566.87058516315,1,20,4,1,2,4,2,1,4,1,2,3,"Quality"
35,"Female",86466.8889817533,"No",233.979433743726,1914.89443477727,6,11,5,2,2,4,3,2,4,2,2,2,"Quality"
31,"Female",71550.0566783115,"No",310.93078042058,2166.56713759868,4,14,4,1,2,4,2,1,4,2,3,2,"Quality"
39,"Female",75350.442202209,"No",341.198405516455,1882.17175332487,3,22,4,2,2,4,2,2,4,2,3,3,"Quality"
46,"Male",78974.1530849605,"Yes",240.992878161093,1576.39098560585,1,11,4,1,2,4,2,1,4,1,3,2,"Quality"
39,"Male",61538.8834597209,"No",269.638436062668,2054.99551954293,2,13,4,1,3,4,3,2,4,1,2,2,"Quality"
40,"Male",71486.8053458371,"Yes",393.012335128013,2358.35041457403,1,10,5,1,3,4,3,1,4,2,2,2,"Quality"
46,"Female",60048.1201631349,"No",299.519024380588,2128.47533410315,1,20,4,2,2,4,3,1,4,2,3,3,"Quality"
35,"Female",70806.6746359133,"No",219.102629120604,2167.15882617404,6,12,5,2,3,4,3,2,4,2,2,2,"Quality"
44,"Female",NA,"Yes",295.09901722221,1842.92925507228,3,13,4,2,2,4,2,1,4,1,3,3,"Quality"
21,"Male",59309.5557942078,"Yes",345.339307098901,2167.40528653439,7,7,4,1,3,4,3,1,4,2,3,3,"Quality"
47,"Male",NA,"No",297.759283814084,1800.29767394119,1,22,5,2,3,4,2,2,4,1,3,3,"Quality"
42,"Male",71756.1503945368,"No",315.417208933381,1746.8981242208,2,13,5,2,2,4,2,2,4,2,3,3,"Quality"
30,"Male",87802.234909444,"No",311.011598370764,1981.41941415958,1,13,4,1,2,4,2,1,4,1,3,3,"Quality"
38,"Female",76712.89261223,"No",246.980802493235,2333.38149739577,3,9,5,1,3,4,3,1,4,2,3,3,"Quality"
34,"Male",56927.1969716937,"Yes",325.71486495431,2138.24904911221,3,12,4,1,3,4,3,1,4,2,2,3,"Quality"
43,"Female",NA,"No",349.856332269572,2016.8948511221,5,19,4,2,3,4,2,2,4,2,3,3,"Quality"
46,"Male",88624.1051529667,"No",229.012005803942,2137.06361481376,2,18,5,2,2,4,3,1,4,1,3,3,"Quality"
45,"Female",73857.6911706184,"No",306.12763517368,2048.51895658467,4,22,5,1,2,4,3,2,4,2,2,2,"Quality"
38,"Female",NA,"Yes",317.58506819282,2308.70561525536,3,15,5,1,2,4,3,1,4,2,2,3,"Quality"
29,"Male",64287.6684091393,"No",366.997150731281,2157.28768991636,7,12,5,1,3,4,3,2,4,1,2,2,"Quality"
36,"Female",77865.1286319819,"Yes",328.166214956947,2159.55986182784,2,12,5,2,3,4,3,1,4,2,2,3,"Quality"
34,"Male",68452.3378793974,"No",237.362979829414,2052.19800347105,3,15,5,1,3,4,2,1,4,2,2,2,"Quality"
32,"Male",NA,"No",316.168844082719,2002.26660317243,2,18,4,1,3,4,2,1,4,2,3,2,"Quality"
37,"Male",56281.9780643475,"Yes",252.081784685522,1878.0261020702,2,20,4,2,3,4,2,1,4,1,2,2,"Quality"
41,"Female",57480.0201138614,"No",388.936216413143,2001.53287666102,4,17,5,2,3,4,2,1,4,2,2,2,"Quality"
48,"Female",58364.0812008412,"No",250.984900258535,2097.39154179183,3,15,4,1,3,4,3,2,4,1,3,2,"Quality"
28,"Female",71144.7784425432,"No",316.786524103115,1973.99981613204,2,12,4,2,2,4,3,1,4,1,2,3,"Quality"
35,"Female",NA,"No",260.50653700876,1874.38613194103,1,17,4,1,2,4,2,2,4,2,2,3,"Quality"
30,"Male",81359.3985657858,"Yes",331.902426408158,1854.3142432965,4,21,5,1,3,4,3,1,4,1,3,2,"Quality"
45,"Male",48176.928835214,"Yes",334.3441827398,1896.10100427975,3,10,4,2,2,4,2,1,4,2,3,2,"Quality"
43,"Male",NA,"Yes",311.930412397846,2199.0456054375,2,24,5,1,3,4,2,1,4,1,2,2,"Quality"
39,"Male",76509.199457641,"No",317.333978167749,1808.92637863626,2,16,4,2,2,4,3,1,4,2,3,3,"Quality"
31,"Female",70625.9814055966,"No",359.853464780174,1844.58089541494,3,15,5,1,2,4,3,1,4,1,3,3,"Quality"
30,"Female",75599.7508823918,"No",217.279798974024,2068.10020083399,1,13,5,1,3,4,2,2,4,2,3,2,"Quality"
33,"Female",NA,"No",355.274426906536,2034.00134813006,7,18,5,1,3,4,2,1,4,2,3,2,"Quality"
39,"Male",81160.7726877153,"Yes",324.725187165996,2123.18235867456,4,11,5,2,3,4,2,1,4,1,2,2,"Quality"
40,"Male",58719.2596627149,"No",263.106731796034,2070.45740985758,2,15,5,1,3,4,2,1,4,2,2,2,"Quality"
32,"Male",83430.1783776309,"No",235.754213502309,1800.1213709946,2,18,5,2,2,4,3,2,4,2,3,3,"Quality"
34,"Female",57762.4373958024,"No",343.138899867514,1863.79080463268,3,28,5,1,3,4,3,1,4,2,2,3,"Quality"
37,"Male",NA,"No",280.286608744591,2000.45314184553,4,13,5,2,2,4,3,1,4,2,3,3,"Quality"
34,"Female",69856.2252465978,"No",229.721866810853,1900.11118940008,5,20,5,2,2,4,2,1,4,2,3,2,"Quality"
27,"Male",72061.6216745167,"No",257.154661460197,1914.91847381881,5,13,5,2,3,4,2,1,4,1,3,3,"Quality"
24,"Male",NA,"Yes",363.398627854466,2253.94736817981,4,15,5,2,3,4,3,1,4,2,3,3,"Quality"
35,"Female",NA,"No",313.600062182343,1800.92591538386,1,7,5,1,3,4,2,2,4,2,3,2,"Quality"
33,"Female",75973.7715693172,"Yes",306.318438535057,1950.06576643335,3,13,5,2,2,4,3,2,4,1,2,3,"Quality"
31,"Female",80539.0103604349,"No",225.890799851971,1975.75861080959,1,15,4,2,3,4,2,2,4,1,2,3,"Quality"
33,"Male",NA,"No",388.589164398985,1929.74938088347,3,16,5,1,3,4,2,2,4,2,2,3,"Quality"
48,"Male",NA,"No",264.869680244491,1662.88480653155,2,7,4,1,3,4,2,1,4,1,2,3,"Quality"
38,"Male",66166.6531067141,"No",341.02343063021,2619.87799775397,1,15,4,2,2,4,3,1,4,2,2,3,"Quality"
25,"Male",66316.8726809738,"No",277.160776760287,2211.91453026411,3,12,5,1,3,4,3,2,4,2,3,3,"Quality"
43,"Female",58385.7153165582,"No",238.663001464203,2203.25725324101,2,17,4,1,2,4,2,1,4,2,3,2,"Quality"
36,"Male",94470.0701222805,"No",326.176611231905,1734.84004638075,3,19,4,2,3,4,3,1,4,2,2,3,"Quality"
27,"Male",57292.8748290497,"Yes",299.420911712939,2001.80122002018,1,17,5,1,2,4,2,1,4,1,3,2,"Quality"
38,"Male",74079.9862737326,"No",292.965015661721,1995.7731735632,2,17,4,1,2,4,3,1,4,1,3,2,"Quality"
33,"Male",81900.0110777053,"Yes",309.912983336853,2047.92716612832,3,17,4,1,2,4,2,2,4,2,2,2,"Quality"
49,"Female",74313.865207528,"No",304.167178553738,1582.85686158665,1,21,4,2,3,4,3,2,4,2,3,3,"Quality"
39,"Female",51057.7073950658,"Yes",344.229055833786,2241.17467417819,2,10,4,1,3,4,3,1,4,1,3,3,"Quality"
39,"Male",56819.0064446207,"Yes",303.773415477201,2184.07135616596,2,22,5,1,3,4,2,1,4,2,3,3,"Quality"
43,"Male",73347.7412625238,"Yes",309.288157868204,2175.90228555161,3,21,5,2,2,4,2,1,4,2,3,2,"Quality"
37,"Male",NA,"No",227.767507364417,2003.86687805112,4,14,5,2,3,4,2,1,4,2,2,3,"Quality"
46,"Male",71333.832458011,"Yes",302.871429371747,2155.13560238951,6,16,4,1,2,4,3,1,4,1,2,3,"Quality"
27,"Female",67714.1720597182,"No",259.361625409985,1960.02003599461,3,20,4,1,2,4,2,1,4,2,2,3,"Quality"
34,"Male",74599.1664612896,"No",285.879455679043,1895.79244612821,2,14,4,1,3,4,2,2,4,1,3,2,"Quality"
36,"Female",NA,"Yes",254.859747521925,1662.14990335237,2,12,5,1,3,4,3,1,4,1,3,3,"Quality"
35,"Female",54161.5800243662,"No",426.882153267023,1824.69235919996,1,14,5,1,2,4,2,2,4,2,2,3,"Quality"
44,"Male",NA,"No",412.521656766135,1761.97838510262,2,20,4,1,2,4,2,1,4,1,3,3,"Quality"
32,"Female",76319.5683867458,"Yes",291.044249061061,2250.23952593879,2,26,4,1,2,4,3,1,4,2,3,2,"Quality"
35,"Female",73300.1710930855,"No",272.391989271344,2059.87639450996,1,15,5,2,2,4,3,1,4,2,3,2,"Quality"
39,"Female",78567.2291523334,"Yes",348.634010036587,2148.26689874185,3,10,4,2,2,4,2,1,4,2,2,3,"Quality"
40,"Male",62515.1153504075,"Yes",346.815908582476,1806.36592233348,2,21,5,2,3,4,2,1,4,2,3,3,"Quality"
30,"Male",80746.5328691409,"Yes",430.210245713701,1795.6832455065,2,16,5,2,3,4,3,2,4,1,3,2,"Quality"
31,"Female",64390.2513011209,"No",298.140178296229,2279.46039237382,1,22,4,1,2,4,2,2,4,1,2,2,"Quality"
39,"Male",94275.3224191428,"No",244.77151839474,1971.9987700459,4,22,5,2,3,4,3,1,4,1,3,2,"Quality"
35,"Male",49073.838914619,"Yes",255.377694566654,2226.44761316496,1,8,4,2,3,4,3,1,4,1,3,2,"Quality"
46,"Female",88944.9428540692,"Yes",229.01811516747,1881.82194683532,2,9,4,2,3,4,2,2,4,1,3,2,"Quality"
27,"Male",73824.9976267235,"Yes",388.378041821997,2430.96669933407,3,11,5,1,2,4,3,1,4,2,2,2,"Quality"
36,"Female",55672.3680912874,"No",192.380502791295,2102.23301643745,4,8,4,1,3,4,2,1,4,2,3,3,"Quality"
30,"Male",75981.3534038238,"No",314.275472660197,1900.10431776168,4,19,4,1,3,4,2,2,4,1,2,3,"Quality"
37,"Male",NA,"No",323.106509442376,1834.27249825701,4,16,5,1,3,4,3,1,4,2,3,2,"Quality"
30,"Male",NA,"Yes",394.667070336181,2110.49716809065,2,15,4,1,3,4,2,2,4,2,3,3,"Quality"
33,"Male",85878.3161614035,"No",177.679820019215,2232.61598876731,4,16,4,2,2,5,2,1,4,2,3,2,"Quality"
37,"Male",66627.7979495083,"Yes",333.879205093691,2044.02185202487,3,24,5,1,2,4,2,1,4,1,2,2,"Quality"
41,"Female",69054.9861262555,"No",350.689258321994,2224.51303376586,1,13,5,2,3,5,2,1,4,2,3,2,"Quality"
25,"Male",77831.2086334276,"No",308.961730269183,2062.9529558733,3,22,5,1,2,4,3,1,4,1,2,2,"Quality"
30,"Female",66344.3510267382,"No",187.507678384438,1812.30667758809,4,18,5,1,2,4,3,1,4,2,2,2,"Quality"
44,"Male",66027.6506737603,"Yes",266.646977047619,2173.56636739141,1,19,4,2,3,4,3,2,4,2,2,3,"Quality"
22,"Male",85488.5274120526,"No",329.795511324829,1883.89508130758,3,26,4,2,2,4,2,1,4,1,2,2,"Quality"
31,"Male",59617.0712832484,"No",241.159326413193,2346.52869425734,3,14,4,1,3,4,3,1,3,2,3,2,"Quality"
38,"Male",70417.5150167076,"Yes",257.542989805455,2095.492029608,6,13,5,2,3,4,3,2,4,2,2,3,"Quality"
23,"Female",79905.2817779918,"No",245.221534215201,2026.54148233135,4,10,5,2,3,4,2,2,4,1,3,2,"Quality"
38,"Male",79703.7235206374,"No",244.546742554608,1931.55986881923,1,15,5,1,2,4,2,2,4,1,3,2,"Quality"
24,"Female",NA,"Yes",247.59040337507,1817.30408047066,2,15,4,2,3,4,2,2,4,1,2,2,"Quality"
23,"Male",66349.3645369439,"No",273.292600657207,2054.91073418837,1,8,4,2,2,4,3,1,4,2,3,2,"Quality"
34,"Male",53945.68926327,"Yes",370.506500039195,2305.34302642051,3,14,4,1,2,4,2,1,4,2,2,2,"Quality"
31,"Female",54922.9349254075,"Yes",319.19024921862,1990.25578871252,4,19,5,2,2,4,2,1,4,1,3,3,"Quality"
35,"Male",57121.4615651538,"No",340.083607350113,2010.43310031187,1,19,4,2,3,4,3,2,4,2,2,2,"Quality"
28,"Male",70498.9350902582,"No",349.511389230247,2126.7670923766,2,20,4,1,3,4,3,1,4,1,3,2,"Quality"
40,"Male",78799.4657824615,"No",292.029657934193,1824.82511394093,2,14,5,1,2,4,2,1,5,2,2,2,"Quality"
29,"Female",NA,"No",323.858178985688,2080.41223481446,1,18,4,2,3,4,3,2,4,2,2,2,"Quality"
30,"Female",73364.483935083,"Yes",380.556489813163,1890.61888192342,4,10,4,1,2,4,3,1,4,1,3,2,"Quality"
42,"Male",77909.4029343206,"Yes",297.521582993007,2052.49949120767,1,13,5,2,3,4,3,2,4,1,2,3,"Quality"
37,"Female",73122.9899331181,"Yes",314.683929957677,2147.49452017564,1,19,5,2,3,4,3,2,4,2,3,2,"Quality"
32,"Male",68784.4308402089,"No",268.302202563364,2330.24927349657,4,17,5,2,2,4,3,1,4,2,2,2,"Quality"
42,"Male",59125.6365108344,"Yes",324.671543013097,1817.53333397396,2,12,5,2,3,4,2,1,4,2,2,3,"Quality"
40,"Female",76242.2993476772,"No",236.906994951515,2098.14052822465,3,16,5,2,2,4,3,1,4,1,2,3,"Quality"
23,"Female",89178.0882649662,"No",205.609927332493,2506.16637881804,3,23,3,1,1,2,4,1,5,3,4,2,"Style"
25,"Female",87158.5780468891,"Yes",212.547977215847,2069.52149833793,3,21,2,1,1,1,4,1,4,3,4,1,"Style"
23,"Male",NA,"No",193.004133913371,1251.45679619247,2,11,2,1,1,1,4,1,5,2,4,1,"Style"
23,"Female",89669.5552419147,"No",202.079068572164,1263.23577863451,3,18,3,1,1,1,4,1,4,3,4,2,"Style"
26,"Male",89643.5184629676,"No",203.347282918102,1033.70109072148,2,24,2,1,1,1,4,1,5,3,4,1,"Style"
27,"Female",93462.0245590769,"No",192.850046175241,2367.25577067986,5,18,3,1,1,1,4,1,5,2,4,1,"Style"
25,"Female",88802.0444580779,"No",202.268097066394,1807.88260087923,5,26,3,1,1,2,4,1,5,3,4,2,"Style"
26,"Female",92633.7517473793,"No",222.470874321398,2268.71078887289,3,27,3,1,1,2,4,1,5,2,4,2,"Style"
20,"Female",87991.5315727816,"No",185.491786940159,1644.05286180321,4,28,3,1,1,1,4,1,4,2,4,1,"Style"
26,"Female",83869.2298963676,"No",193.077502211503,1931.37339686249,2,19,3,1,1,2,4,1,5,3,4,2,"Style"
21,"Female",NA,"No",161.767634037935,1797.48789252533,4,25,3,1,1,2,4,1,5,3,4,2,"Style"
23,"Female",86274.0099859034,"No",198.815793715687,1210.97771539006,3,33,2,1,1,1,4,1,5,3,4,2,"Style"
22,"Female",91368.5270371939,"Yes",198.668120776252,2150.58347249491,3,23,3,1,1,2,4,1,5,2,4,2,"Style"
24,"Male",89267.9738364092,"No",193.188914153045,1513.56434103789,3,21,3,1,1,1,4,1,4,3,4,1,"Style"
29,"Female",88347.5275941124,"Yes",216.267766557015,2006.21747230287,3,19,3,1,1,1,4,1,5,2,4,2,"Style"
20,"Female",93821.4781202175,"No",198.928441335972,2884.71393039207,2,25,3,1,1,1,4,1,4,2,4,1,"Style"
22,"Female",91472.3433217666,"No",188.191852869936,2310.93444183283,3,25,2,1,1,2,4,1,4,2,4,2,"Style"
27,"Female",82966.9617775335,"No",186.709281484438,1824.52793930072,4,31,2,1,1,2,4,1,4,2,4,1,"Style"
24,"Female",85942.6734202242,"No",212.303983681406,2387.95358451677,3,22,3,1,1,2,4,1,4,3,4,2,"Style"
22,"Female",102654.641308801,"Yes",205.746373367297,1871.72788522883,2,24,2,1,1,2,4,1,4,3,4,1,"Style"
24,"Female",94031.1795284936,"Yes",198.891443891984,1651.70581993169,1,17,2,1,1,2,4,1,4,2,4,1,"Style"
22,"Female",92386.4310614389,"No",195.659731518882,2600.19801539029,6,22,3,1,1,2,4,1,5,3,4,1,"Style"
24,"Female",90311.1455829692,"No",200.818934345979,2935.10054562164,3,22,2,1,1,2,4,1,5,2,4,1,"Style"
28,"Female",90748.5782175625,"No",211.145736408082,1496.4089076726,2,16,2,1,1,2,4,1,5,3,4,2,"Style"
26,"Female",95956.968331421,"Yes",196.550588818086,2542.99326544861,5,15,2,1,1,2,4,1,5,3,4,1,"Style"
23,"Female",89871.8214879379,"No",185.257211050547,1942.5519890888,5,13,3,1,1,1,4,1,4,3,4,1,"Style"
24,"Female",90547.4195476348,"Yes",194.551573578711,2172.43785408269,2,19,2,1,1,2,4,1,4,2,4,1,"Style"
24,"Female",87897.9665010168,"No",213.59438011584,873.707618668656,1,24,2,1,1,2,4,1,5,2,4,1,"Style"
26,"Female",82729.0234827352,"No",194.590731383178,1664.86108732883,1,17,3,1,1,1,4,1,4,3,4,2,"Style"
23,"Male",NA,"No",210.320944625746,1975.9927612289,2,20,3,1,1,1,4,1,4,3,4,2,"Style"
22,"Female",92494.375027878,"No",201.112066089624,1919.87718645597,4,23,3,1,1,2,4,1,4,2,4,1,"Style"
24,"Female",NA,"No",203.749123555761,1796.35936817167,2,26,3,1,1,1,4,1,5,2,4,1,"Style"
28,"Female",90792.8697128103,"Yes",182.496917181623,1524.64643094717,3,25,2,1,1,2,4,1,4,2,4,2,"Style"
27,"Female",84746.7484737898,"No",190.901238903472,2082.57635781581,1,18,3,1,1,2,4,1,5,2,4,2,"Style"
23,"Female",89609.9492676423,"No",203.225897617835,1734.34271560546,1,18,2,1,1,2,4,1,5,2,4,2,"Style"
23,"Female",87121.6103644778,"Yes",193.042256981246,992.959123785633,5,20,3,1,1,2,4,1,4,3,4,2,"Style"
27,"Female",NA,"Yes",205.406058473024,2532.56590537624,4,19,3,1,1,2,4,1,4,3,4,1,"Style"
21,"Female",86340.9148751315,"No",177.194250405247,2603.03459438351,1,22,3,1,1,1,3,1,5,2,4,1,"Style"
25,"Female",93570.977599228,"No",217.225367296499,2229.66889095736,4,12,2,1,1,2,4,1,5,2,4,2,"Style"
28,"Female",94912.2348034696,"No",200.152726180417,2801.91921330263,2,18,3,1,1,2,4,1,4,3,4,2,"Style"
23,"Female",91558.8788930443,"Yes",200.381617544317,1896.104654321,2,21,2,1,1,2,4,1,5,2,4,2,"Style"
25,"Female",91939.1364970637,"No",222.974491387723,1889.78539192725,3,29,3,1,1,2,4,1,4,3,4,1,"Style"
21,"Female",84933.2925610163,"No",195.483605987717,2103.32805653224,5,22,3,1,1,2,4,1,4,2,4,2,"Style"
22,"Male",92385.9417718037,"No",204.245574816259,2237.614743349,3,22,2,1,1,2,4,1,5,2,4,1,"Style"
23,"Female",99407.6751003991,"No",200.347478926438,2493.13126172807,3,21,3,1,1,1,4,1,5,3,4,2,"Style"
19,"Female",83534.6989119616,"No",227.66860303886,1490.71876951076,1,22,2,1,1,2,4,1,4,2,4,1,"Style"
23,"Female",97856.7966006319,"No",188.243555869496,1551.87383347462,5,21,3,1,1,1,4,1,4,3,4,2,"Style"
23,"Female",92648.104460957,"No",197.345010084093,2432.03676868216,1,26,2,1,1,2,4,1,5,2,4,2,"Style"
25,"Female",90828.3862465831,"Yes",198.148831986509,3072.3554683527,2,20,3,1,1,1,4,1,4,2,4,1,"Style"
25,"Female",95034.3185336893,"No",202.216318293598,1834.32092825827,4,16,3,1,1,2,4,1,5,2,4,2,"Style"
23,"Female",78322.5296600413,"No",210.083786391657,2108.83852189605,4,19,2,1,1,1,4,1,5,3,4,2,"Style"
26,"Female",84831.5081171675,"No",203.423859893745,1236.1977854628,2,24,2,1,1,2,4,1,4,3,4,1,"Style"
23,"Female",93240.6222256242,"Yes",210.524170676788,1870.60633687198,4,23,2,1,1,1,4,1,4,3,4,2,"Style"
26,"Female",93655.5083707414,"Yes",203.104949042966,2379.59885802344,4,17,2,1,1,1,4,1,4,3,4,1,"Style"
24,"Male",87635.0847099146,"No",197.087313984006,1424.30402194662,3,14,2,1,1,2,4,1,4,2,4,1,"Style"
24,"Female",NA,"No",175.853226955741,2412.84644688609,2,21,2,1,1,1,4,1,4,3,4,2,"Style"
24,"Female",NA,"Yes",191.46384621352,1551.1778471763,1,21,2,1,1,2,4,1,4,3,4,1,"Style"
22,"Female",90080.578779676,"No",194.098497623232,2035.31702177214,2,22,2,1,1,1,4,1,5,2,4,1,"Style"
23,"Female",88982.6743739664,"No",202.203034629779,1167.69298997414,1,13,2,1,1,1,4,1,5,3,4,2,"Style"
26,"Female",NA,"No",183.120496325181,2391.23048855972,3,27,3,1,1,2,4,1,5,2,4,1,"Style"
23,"Female",92176.2986733016,"Yes",213.133491197109,2183.85202584139,2,19,3,1,1,2,4,1,5,3,4,2,"Style"
23,"Female",NA,"No",199.422504793027,2488.36830494223,6,19,2,1,1,2,4,1,5,2,4,1,"Style"
26,"Female",93114.6747554676,"Yes",203.906827938672,2382.82435900376,4,24,3,1,1,1,4,1,5,3,4,2,"Style"
24,"Female",81848.2698025248,"Yes",190.966214987138,2334.47971216366,3,19,2,1,1,2,4,1,5,3,4,2,"Style"
22,"Female",87477.368397891,"No",195.308175103691,1636.81151162804,4,20,3,1,1,2,4,1,5,3,4,1,"Style"
24,"Female",92506.3172982438,"No",191.523825758511,1929.63425124707,5,19,2,1,1,1,4,1,5,3,4,2,"Style"
26,"Female",NA,"No",189.579320816828,1107.59022258583,3,17,3,1,1,2,4,1,4,2,4,1,"Style"
22,"Female",91885.8699838998,"No",199.790557364927,1492.38657115528,3,21,3,1,1,2,4,1,5,3,4,1,"Style"
26,"Female",NA,"No",214.111780940819,2130.78632228277,3,25,3,1,1,1,4,1,4,3,4,1,"Style"
23,"Female",88386.2412161647,"No",195.109515311721,1740.06412889252,4,17,2,1,1,2,4,1,5,3,4,1,"Style"
24,"Female",97018.9359187114,"No",188.054307897393,2554.29588022574,6,16,3,1,1,1,4,1,4,3,4,2,"Style"
26,"Female",96718.0122215383,"No",215.929151642573,1949.94010176407,4,21,2,1,1,2,4,1,4,2,4,2,"Style"
24,"Female",91834.4693458165,"No",210.310774835417,2448.73479135906,6,17,3,1,1,1,4,1,4,2,4,2,"Style"
23,"Female",NA,"Yes",192.672755018522,2444.42768871965,4,21,2,1,1,2,4,1,5,2,4,1,"Style"
26,"Female",92346.1822898052,"No",200.644359896876,1388.0381864777,4,22,3,1,1,1,4,1,5,2,4,1,"Style"
24,"Female",92080.9979082714,"Yes",178.51189407303,2259.28187756886,5,18,2,1,1,1,4,1,4,2,4,1,"Style"
25,"Male",92088.1137815083,"No",189.306153785408,2082.65732283567,1,18,2,1,1,1,4,1,4,2,4,2,"Style"
26,"Male",94009.6330459022,"No",203.454008306318,1737.51677655402,3,18,2,1,1,2,4,1,4,2,4,2,"Style"
22,"Female",90477.0274781626,"No",195.876871263209,2684.44463872441,4,20,2,1,1,1,4,1,4,2,4,1,"Style"
25,"Female",89653.4590259931,"Yes",222.551901669105,1121.35403178102,1,24,3,1,1,1,4,1,4,2,4,2,"Style"
27,"Male",93192.5225999023,"No",178.681897672428,2467.77280347498,5,21,2,1,1,2,4,1,5,3,4,1,"Style"
26,"Female",89056.1270473293,"Yes",193.351711054111,1778.73762398216,3,17,2,1,1,2,4,1,5,3,4,2,"Style"
25,"Female",88514.741338135,"No",198.569494983609,1528.5719157959,2,22,2,1,1,1,4,1,5,2,4,1,"Style"
24,"Male",88929.7734896014,"No",220.704985465353,2069.26708186283,4,18,2,1,1,2,4,1,4,2,4,2,"Style"
24,"Female",93317.9317121071,"Yes",198.885116775619,2610.1678892089,3,23,2,1,1,2,4,1,5,3,4,1,"Style"
23,"Male",85384.146517513,"Yes",192.222824126266,1381.03883197216,5,24,2,1,1,2,4,1,4,2,4,2,"Style"
25,"Male",86249.166491012,"No",185.073963619607,3049.03211129969,2,20,2,1,1,2,4,1,4,2,4,1,"Style"
23,"Female",81763.9168488279,"No",205.666156222468,1040.89668803999,3,24,2,1,1,1,4,1,4,2,4,2,"Style"
22,"Male",87850.49095667,"No",201.752140003852,1952.33439360793,3,24,3,1,1,1,4,1,4,3,4,2,"Style"
22,"Female",93525.3061775195,"No",190.283636621542,2161.7400233293,3,25,3,1,1,1,4,1,4,3,4,1,"Style"
30,"Female",NA,"No",203.850164099854,1812.20378334064,5,18,3,1,1,1,4,1,4,3,4,1,"Style"
23,"Female",87669.4383418758,"Yes",197.68179486407,2030.81638654053,4,22,3,1,1,2,4,1,5,3,4,1,"Style"
24,"Female",87565.2328819512,"No",203.574153677912,2072.27723700683,3,17,3,1,1,1,4,1,5,2,4,2,"Style"
23,"Female",95831.1728945449,"No",199.947766663456,2208.52434484593,4,16,2,1,1,2,4,1,4,2,4,2,"Style"
26,"Female",93258.57652586,"No",206.658078040837,2358.84393336383,2,24,3,1,1,1,4,1,5,3,4,2,"Style"
22,"Female",93569.1105449438,"No",202.367316011143,1575.04681613934,2,22,3,1,1,2,4,1,5,3,4,2,"Style"
23,"Female",86881.3266471617,"Yes",204.606057389973,2636.65722017686,3,19,2,1,1,2,4,1,5,3,4,2,"Style"
26,"Female",NA,"Yes",178.270612475292,1458.33324930948,2,22,2,1,1,2,4,1,5,3,4,2,"Style"
26,"Male",97518.4218096769,"No",198.506997846996,1379.54746680656,2,21,3,1,1,1,4,1,5,3,4,2,"Style"
22,"Female",NA,"No",183.83432501647,1812.86610544887,3,17,2,1,1,2,4,1,5,3,4,2,"Style"
24,"Male",94163.9935031031,"No",201.186150779813,1905.85745131606,3,23,3,1,1,2,4,1,5,2,4,2,"Style"
25,"Female",87545.0395011831,"No",196.042886468643,1430.15558158668,1,23,2,1,1,1,4,1,4,2,4,1,"Style"
25,"Female",87509.1354965106,"No",192.539541638422,3075.19488438319,2,22,2,1,1,1,4,1,4,2,4,1,"Style"
26,"Female",85852.9009631471,"Yes",196.827468235761,1603.83845800224,2,19,3,1,1,2,4,1,4,3,4,2,"Style"
27,"Male",92511.5077287192,"No",202.775868174594,2179.3658452787,3,22,3,1,1,1,4,1,4,3,4,2,"Style"
26,"Female",85161.0000890571,"No",203.475072441608,2009.07371295815,4,17,2,1,1,1,4,1,5,3,4,1,"Style"
29,"Female",85067.7642137459,"No",183.362223776287,1909.01949984094,3,15,2,1,1,2,4,1,4,2,4,1,"Style"
24,"Female",93130.7320202481,"No",193.012947081232,1791.48155374326,2,22,3,1,1,1,4,1,5,2,4,2,"Style"
25,"Male",88543.5624645748,"No",192.816818778535,2371.81221477527,2,15,3,1,1,1,4,1,5,2,4,2,"Style"
23,"Female",87553.5043154846,"Yes",217.193188937113,2037.9040952702,1,20,2,1,1,1,4,1,5,2,4,1,"Style"
25,"Female",94442.9536072865,"No",206.459774795099,2092.5863892095,5,15,3,1,1,1,4,1,4,2,4,1,"Style"
25,"Male",87891.1993066812,"No",190.850053085062,1544.11580662839,5,21,3,1,1,1,4,1,4,2,4,2,"Style"
33,"Female",91747.6538643349,"No",188.828005484736,2216.19242891419,5,20,2,1,1,2,4,1,5,3,4,1,"Style"
25,"Male",97369.4541203164,"No",166.157267810716,2229.25587250008,2,20,2,1,1,1,4,1,5,2,4,1,"Style"
26,"Male",86821.2709528164,"Yes",201.17009439203,1560.16676887721,2,16,3,1,1,2,3,1,4,2,4,2,"Style"
26,"Female",100226.473431593,"No",209.612536307298,2174.1844657629,2,27,3,1,1,2,4,1,5,3,4,1,"Style"
25,"Female",88408.5025061839,"Yes",182.399652351781,1304.25327834511,1,24,2,1,1,1,4,1,4,2,4,2,"Style"
26,"Female",94658.0955646198,"No",212.355009400407,1572.37577163081,3,28,3,1,1,2,4,1,5,3,4,2,"Style"
24,"Female",100291.6190138,"No",181.759464730716,2033.14676243881,2,20,3,1,1,2,4,1,5,3,4,2,"Style"
25,"Female",90913.4087131943,"No",187.303515628255,1669.89515232064,4,21,2,1,1,2,4,1,4,3,4,1,"Style"
26,"Female",89461.3963369877,"No",200.478374296402,2449.79652960161,1,23,3,1,1,2,4,1,5,2,4,1,"Style"
27,"Female",99464.0898212613,"No",204.40304131987,1768.26732691929,3,26,2,1,1,1,4,1,5,2,4,1,"Style"
26,"Female",105528.791069323,"Yes",186.938324457277,2349.92753844343,5,17,2,1,1,1,4,1,5,2,4,2,"Style"
26,"Female",93885.4336297917,"No",203.139549276035,2145.69131225728,7,13,3,1,1,2,4,1,5,2,4,1,"Style"
25,"Female",84812.9455559423,"No",206.026598571729,2273.40225958738,6,29,2,1,1,1,4,1,4,3,4,1,"Style"
24,"Female",99718.0486359652,"No",203.199403842532,1635.10559577202,2,15,2,1,1,2,3,1,4,2,4,2,"Style"
21,"Female",93695.0424048734,"No",209.123919982578,1985.9310094538,3,23,2,1,1,1,4,1,5,3,4,1,"Style"
23,"Female",84628.3170906096,"No",204.835057525866,1753.82226918461,3,25,3,1,1,1,4,1,4,3,4,2,"Style"
26,"Female",92446.5068564607,"No",192.450729806334,1601.49564383274,2,27,2,1,1,2,4,1,5,2,4,1,"Style"
23,"Female",90074.1045203599,"No",198.187088848167,1990.15609904076,4,20,2,1,1,1,4,1,4,3,4,1,"Style"
27,"Male",89413.5307564335,"No",198.350107362531,2207.22992751913,3,25,3,1,1,2,4,1,4,2,4,2,"Style"
21,"Male",84610.7180055669,"No",185.833594308289,2150.92273575524,2,21,3,1,1,2,4,1,4,2,4,2,"Style"
24,"Male",98963.5856913501,"No",206.122901035953,1289.37028148807,2,20,2,1,1,1,4,1,5,2,4,1,"Style"
24,"Female",NA,"No",192.116455317339,2197.86934428701,4,18,2,1,1,1,4,1,4,3,4,2,"Style"
24,"Female",93070.5878114265,"No",202.10168001304,1515.47695992393,1,23,3,1,1,1,4,1,4,2,4,2,"Style"
23,"Male",100480.673129787,"Yes",190.450126270822,2214.40834010272,1,36,2,1,1,2,4,1,5,3,4,2,"Style"
25,"Female",92883.0225828489,"No",208.091664659588,2556.11045289243,3,15,2,1,1,1,4,1,5,3,4,2,"Style"
25,"Female",80404.9156669806,"No",-500,1897.56313095912,2,20,2,1,1,1,4,1,5,2,4,1,"Style"
25,"Female",88985.1663954273,"Yes",191.895907424768,2735.54815945471,3,11,2,1,1,1,4,1,4,3,4,1,"Style"
20,"Male",82467.1548614518,"No",205.307531961673,2673.26240141771,3,13,3,1,1,1,4,1,4,2,4,1,"Style"
25,"Female",93555.4996164892,"Yes",196.833195543667,2152.2016761152,1,25,2,1,1,1,4,1,5,3,4,1,"Style"
25,"Female",85529.6150839853,"No",209.771498431824,2072.35208424756,4,23,3,1,1,1,4,1,5,2,4,2,"Style"
26,"Female",93399.5534617985,"No",182.16945622896,1934.787906863,4,17,2,1,1,1,4,1,4,3,4,2,"Style"
23,"Female",NA,"Yes",195.619501082758,2191.54884528763,2,19,3,1,1,1,4,1,4,2,4,1,"Style"
24,"Female",82528.9582075462,"No",220.173283605777,2160.57343165856,4,17,2,1,1,1,4,1,4,3,4,1,"Style"
24,"Female",87791.5296897638,"No",193.315512255541,1829.13483122546,4,12,2,1,1,2,4,1,5,3,4,2,"Style"
21,"Female",91852.3501052722,"No",200.327031724292,1630.40668906277,5,23,3,1,1,1,4,1,5,3,4,2,"Style"
21,"Female",101811.469509479,"No",205.55960842211,1663.37800791937,4,26,3,1,1,1,4,1,4,3,4,1,"Style"
25,"Female",87634.4557049304,"No",212.051122657606,2495.03697997197,5,19,2,1,1,2,4,1,5,2,4,1,"Style"
22,"Female",NA,"No",215.457953562284,1395.855139209,6,18,2,1,1,2,4,1,4,2,4,2,"Style"
28,"Female",NA,"No",207.252298301021,2615.8860070146,3,26,3,1,1,1,4,1,5,3,4,2,"Style"
27,"Female",92934.6308779651,"No",203.779397529871,1885.18245499918,2,20,3,1,1,1,4,1,5,2,4,1,"Style"
24,"Female",89300.7700088794,"No",223.621412644345,2726.38384915733,2,23,2,1,1,1,4,1,4,3,4,1,"Style"
23,"Female",NA,"No",197.930098485274,2313.23082985761,2,21,3,1,1,2,3,1,5,3,4,2,"Style"
21,"Female",90184.054433392,"Yes",197.024064269461,1835.9516574548,3,16,3,1,1,2,4,1,5,3,4,2,"Style"
24,"Female",NA,"No",197.069807170082,1922.65228642869,4,20,2,1,1,1,4,1,5,2,4,1,"Style"
24,"Female",89717.744449761,"Yes",188.236890843325,2199.11291492114,2,27,3,1,1,1,4,1,4,2,4,2,"Style"
27,"Female",88688.7608736349,"Yes",211.23008235664,1673.35219599364,1,19,3,1,1,2,4,1,5,2,4,1,"Style"
22,"Female",93583.6046664421,"No",206.440038758822,1801.51105314048,2,18,3,1,1,2,4,1,5,3,4,1,"Style"
24,"Female",89053.6557670676,"No",208.198826146429,2021.26830979106,3,19,3,1,1,1,4,1,5,2,4,1,"Style"
26,"Female",91256.9187898985,"Yes",195.892726576736,1628.02871136214,2,12,2,1,1,2,4,1,4,3,4,2,"Style"
24,"Female",95187.2956668254,"No",184.614548675218,1743.79398020284,3,19,2,1,1,1,4,1,5,2,4,1,"Style"
26,"Male",83997.1066614118,"No",192.303125796938,1822.90702304549,2,22,3,1,1,1,4,1,5,3,4,1,"Style"
22,"Female",94829.7160109551,"No",199.330803597539,1955.97098386021,4,20,2,1,1,2,4,1,4,3,4,1,"Style"
29,"Male",87054.03083903,"No",193.596267300826,2800.15674148307,3,20,3,1,1,1,4,1,4,2,4,1,"Style"
23,"Male",NA,"No",192.247044305965,1531.26447041423,1,25,3,1,1,1,4,1,4,2,4,1,"Style"
24,"Male",97373.4322099373,"No",185.734441614709,2178.24756338307,1,20,2,1,1,2,4,1,4,2,4,2,"Style"
21,"Female",NA,"Yes",196.612525643123,2250.53034957657,5,23,2,1,1,1,4,1,5,3,4,2,"Style"
26,"Female",NA,"No",200.866035871409,1529.23478076612,1,22,2,1,1,2,4,1,5,3,4,2,"Style"
18,"Female",89415.969205479,"Yes",209.548701459961,1926.47019870553,3,28,2,1,1,1,4,1,4,2,4,1,"Style"
24,"Female",79864.9880660643,"No",212.425219095156,2293.5917891517,3,24,3,1,1,2,4,1,5,3,4,1,"Style"
24,"Female",NA,"Yes",204.806822827232,2007.49418613204,5,22,3,1,1,1,4,1,4,2,4,1,"Style"
24,"Female",93991.2496279698,"No",209.990840178028,1932.58165502644,1,23,3,1,1,1,4,1,4,2,4,1,"Style"
25,"Female",89760.1130315495,"No",206.886138950989,1832.91730952205,4,22,2,1,1,2,4,1,4,2,4,2,"Style"
23,"Female",91634.041402796,"No",202.146710248312,2082.88580096784,2,25,3,1,1,1,4,1,4,2,4,2,"Style"
26,"Male",96070.6783863671,"Yes",191.649454170742,1663.71936199323,2,16,3,1,1,2,4,1,4,3,4,1,"Style"
26,"Female",84006.9106427433,"No",208.052473929298,2181.24011239438,2,30,3,1,1,1,4,1,5,2,4,1,"Style"
21,"Female",83531.0793595883,"No",215.073985754479,1257.70113743673,2,17,3,1,1,2,4,1,5,3,4,2,"Style"
23,"Female",90214.453601848,"No",198.701587805022,2134.73646010253,1,29,2,1,1,2,4,1,5,2,4,2,"Style"
23,"Female",92445.4587565818,"Yes",187.858072634189,1540.97012701422,3,22,3,1,1,2,4,1,4,2,4,2,"Style"
26,"Female",88501.9382975628,"No",199.327063239409,1680.42997033212,6,25,2,1,1,1,4,1,5,3,4,2,"Style"
25,"Female",86094.2024386564,"No",199.783349129806,2297.0901969865,1,23,3,1,1,2,4,1,5,3,4,1,"Style"
19,"Female",92812.8128998684,"No",186.74745749781,1041.53863131451,2,18,3,1,1,2,4,1,4,3,4,1,"Style"
24,"Female",95866.1842756948,"Yes",198.053121940553,2098.53449921431,2,34,3,1,1,2,4,1,5,2,4,1,"Style"
25,"Female",94382.4798266886,"No",210.478019100716,1958.94019558598,7,21,2,1,1,1,4,1,4,2,4,1,"Style"
26,"Female",92754.9998803794,"No",218.68684765146,1638.53847729094,3,25,2,1,1,1,4,1,4,3,4,2,"Style"
26,"Male",88377.7406185832,"No",199.538505377569,1504.64230773507,2,22,3,1,1,2,4,1,5,2,4,1,"Style"
27,"Male",89076.3983933594,"No",204.529184864831,2991.97811224887,5,19,2,1,1,1,4,1,5,3,4,2,"Style"
23,"Male",94023.7621614959,"No",192.076150516552,1772.65373099969,2,21,3,1,1,1,4,1,5,3,4,1,"Style"
25,"Female",100952.450119695,"No",198.798915932936,746.724771863484,3,23,3,1,1,1,4,1,4,2,4,1,"Style"
25,"Female",84472.4253035219,"No",211.682699946238,1173.95398492343,4,21,3,1,1,1,4,1,4,2,4,2,"Style"
24,"Female",89809.8271363704,"No",198.882426410978,2665.05574402079,2,20,2,1,1,1,4,1,4,2,4,1,"Style"
26,"Female",91373.2522172979,"Yes",216.397829328762,2194.17995638065,2,22,2,1,1,1,4,1,4,2,4,1,"Style"
25,"Female",93084.8213179234,"No",209.350519831429,1167.0549813441,2,22,3,1,1,2,4,1,5,2,4,2,"Style"
26,"Female",87589.8836613519,"Yes",186.611544648355,2407.71694307117,9,21,3,1,1,2,4,1,5,2,4,1,"Style"
24,"Female",89557.6248961683,"No",211.713213752731,1910.56211093787,4,24,2,1,1,2,4,1,5,2,4,1,"Style"
25,"Female",85957.0939461217,"No",186.273122034693,1856.43462883356,3,25,2,1,1,2,4,1,5,2,4,2,"Style"
21,"Female",89581.7336379143,"Yes",198.072981288552,1986.69189871329,2,27,3,1,1,2,4,1,5,3,4,1,"Style"
26,"Female",84049.4639138884,"Yes",196.601674188963,1400.31497116768,6,19,2,1,1,2,4,1,4,2,4,2,"Style"
26,"Male",NA,"No",217.193293723715,2018.27669394444,2,24,2,1,1,2,4,1,5,3,4,1,"Style"
29,"Male",90752.9402103215,"Yes",207.410986140994,2086.91097496297,2,22,2,1,1,1,4,1,4,3,4,2,"Style"
26,"Female",92267.3518085073,"No",198.685513523456,1122.81866646266,2,22,2,1,1,1,4,1,5,3,4,2,"Style"
25,"Female",92905.922113596,"No",204.370476542143,1245.15262164629,3,22,2,1,1,1,4,1,5,2,4,1,"Style"
26,"Male",95905.4186626035,"No",195.399807765268,2164.47613611749,2,13,2,1,1,2,4,1,4,3,4,1,"Style"
25,"Female",85401.494811055,"No",204.096644303317,1614.14243912363,4,20,2,1,1,2,4,1,5,2,4,2,"Style"
25,"Female",91776.4394968779,"No",201.221100988573,2439.70439897193,6,19,2,1,1,1,4,1,5,2,4,1,"Style"
21,"Female",88008.010232519,"No",194.095700719668,1708.93297826835,6,19,2,1,1,1,4,1,4,2,4,1,"Style"
27,"Female",90733.9940246201,"Yes",210.315069477679,2265.74203931608,4,25,3,1,1,2,4,1,4,3,4,2,"Style"
23,"Female",86665.5458407652,"Yes",189.59399033004,2127.41557264034,1,21,2,1,1,1,4,1,4,3,4,1,"Style"
24,"Female",88266.2764307602,"Yes",208.206071582955,1585.71319615352,5,28,2,1,1,2,4,1,5,2,4,1,"Style"
24,"Female",94957.3264712737,"No",216.17195691222,1239.81509987324,5,14,3,1,1,1,4,1,5,3,4,1,"Style"
26,"Female",84549.9987474201,"No",209.74341866397,1459.4513870945,3,34,3,1,1,1,4,1,4,3,4,2,"Style"
26,"Female",85204.9260484867,"Yes",210.076280664753,1933.97863007637,4,20,3,1,1,2,4,1,4,2,4,1,"Style"
23,"Male",89639.5928924264,"No",194.003267013885,1738.67813115351,3,21,3,1,1,1,4,1,4,2,4,2,"Style"
21,"Male",87526.505880561,"No",210.4915232455,2113.96474323715,2,19,2,1,1,2,4,1,5,2,4,1,"Style"
25,"Female",NA,"No",211.127556969387,2412.75898811997,4,18,2,1,1,2,4,1,4,3,4,1,"Style"
25,"Male",NA,"No",201.133997826487,1676.81386172348,4,22,2,1,1,2,4,1,5,2,4,2,"Style"
24,"Female",88348.5935938328,"Yes",193.614681244875,2528.61739538826,1,16,2,1,1,1,4,1,4,2,4,2,"Style"
25,"Female",90856.4850052973,"No",178.372757855445,1754.47435948321,2,19,2,1,1,1,4,1,4,3,4,2,"Style"
23,"Female",82921.887935668,"No",219.897050934063,1994.63652853996,3,24,2,1,1,1,4,1,4,3,4,1,"Style"
23,"Female",89201.0090227715,"No",219.764568323562,1376.26315944836,2,27,3,1,1,1,4,1,5,2,4,2,"Style"
22,"Female",98708.1094397795,"No",207.728819498646,2029.09477756152,2,22,3,1,1,1,4,1,5,2,4,2,"Style"
29,"Female",77346.2821250446,"No",203.895657681383,2129.71077263368,2,19,3,1,1,2,4,1,4,3,4,2,"Style"
20,"Female",80078.3351044271,"No",185.861075571136,1334.98466323833,4,19,3,1,1,2,4,1,5,2,4,1,"Style"
23,"Female",93774.3683723179,"No",191.060060797199,1576.85138845012,2,23,3,1,1,2,4,1,5,2,4,1,"Style"
26,"Female",98186.8727594387,"Yes",189.47978962261,2033.06543171813,3,24,2,1,1,1,4,1,5,3,4,2,"Style"
24,"Male",92192.0206446014,"No",203.037064855835,2000.23677287524,4,17,2,1,1,1,4,1,4,2,4,2,"Style"
27,"Female",92131.5722697074,"No",182.801602955428,996.291159947307,1,25,3,1,1,2,4,1,4,3,4,1,"Style"
25,"Female",90718.2221000776,"Yes",197.681972609522,1355.99598972562,5,20,2,1,1,2,4,1,4,3,4,1,"Style"
24,"Male",86815.0091080192,"No",192.61745828922,1225.00471001264,2,20,3,1,1,2,4,1,5,3,4,1,"Style"
23,"Female",83074.973436961,"No",30000,1678.91272286672,2,14,3,1,1,2,4,1,4,3,4,1,"Style"
24,"Female",82549.5625493057,"No",195.458424507178,2627.20228386732,3,23,2,1,1,2,4,1,5,3,4,1,"Style"
24,"Female",96433.5450040108,"No",209.282945236635,2255.37058145643,2,23,3,1,1,2,4,1,5,3,4,1,"Style"
25,"Female",90856.1222792265,"No",203.775917339558,2228.48178957202,4,23,2,1,1,2,4,1,4,2,4,2,"Style"
26,"Male",87497.1459356696,"Yes",194.854854498084,1161.85206911307,2,22,2,1,1,1,4,1,5,2,4,2,"Style"
24,"Female",86969.6787775079,"No",200.076893693673,1680.50436402985,3,16,3,1,1,2,4,1,4,2,4,1,"Style"
24,"Female",93899.1079215689,"Yes",211.46547833943,1988.67876814523,1,30,2,1,1,2,4,1,4,2,4,2,"Style"
23,"Male",94526.3280219812,"Yes",212.712040987725,2367.53169538131,3,20,3,1,1,1,4,1,4,2,4,1,"Style"
25,"Female",93275.1901418298,"No",194.692769894371,1929.53461091283,4,24,2,1,1,1,4,1,4,2,4,2,"Style"
25,"Female",95425.3952650143,"No",205.072303806338,2729.22452204888,3,18,3,1,1,1,4,1,4,2,4,1,"Style"
21,"Female",91260.3373876406,"No",198.335458749324,1737.75000163026,5,21,3,1,1,1,4,1,5,2,4,2,"Style"
22,"Male",82006.6433520546,"No",200.324953915304,1070.50973972046,4,17,2,1,1,2,4,1,5,3,4,1,"Style"
24,"Female",88169.6570906043,"No",199.894621336574,1284.37080297163,3,22,3,1,1,2,4,1,5,3,4,2,"Style"
23,"Male",87803.6716806371,"No",202.057436039907,1878.80080120069,4,18,3,1,1,2,4,1,4,2,4,2,"Style"
28,"Female",92102.8403810567,"No",213.572963473417,1598.34819106707,3,22,3,1,1,1,4,1,4,3,4,1,"Style"
27,"Male",86812.7559916388,"No",191.063769548522,2047.25938554674,2,20,3,1,1,1,4,1,4,2,4,1,"Style"
27,"Female",92033.4634871623,"No",209.012833588357,2412.89028460249,3,23,2,1,1,1,4,1,5,3,4,2,"Style"
26,"Female",90950.1957755037,"No",197.138805822206,1872.79549704882,2,19,2,1,1,1,4,1,4,2,4,1,"Style"
25,"Female",NA,"No",197.680092311834,1713.56921071498,4,25,2,1,1,1,4,1,5,3,4,1,"Style"
24,"Female",96890.9773922999,"No",208.208756001976,3317.67740992808,4,17,3,1,1,2,4,1,5,2,4,1,"Style"
24,"Female",81279.61484029,"Yes",200.5834296451,1583.42863830322,1,34,2,1,1,1,4,1,4,3,4,1,"Style"
22,"Female",96508.3750425419,"No",203.09555592194,1945.31408212548,3,19,2,1,1,2,4,1,5,3,4,2,"Style"
23,"Female",95592.9254556221,"No",191.443916919901,2081.21601604326,4,24,2,1,1,2,4,1,4,2,4,1,"Style"
24,"Male",94334.6705677051,"No",207.629500822361,1760.70575866094,2,24,3,1,1,2,4,1,5,2,4,1,"Style"
25,"Female",98297.2191074146,"No",178.150928880375,1787.43891631899,4,28,3,1,1,1,4,1,5,3,4,2,"Style"
26,"Female",87400.2176082832,"No",208.785868713017,2087.67823941856,3,19,3,1,1,2,4,1,5,2,4,1,"Style"
26,"Female",79641.3398453917,"No",200.013115914695,1558.82005918084,4,23,2,1,1,2,4,1,4,2,4,2,"Style"
26,"Female",89720.6956449113,"Yes",191.097943488957,1838.6197406122,1,13,2,1,1,2,4,1,5,3,4,1,"Style"
24,"Female",91568.5222630905,"No",213.384597002474,2196.67030737859,5,23,2,1,1,1,4,1,4,3,4,1,"Style"
23,"Female",85770.8716460087,"No",190.996130303042,2029.9030590641,5,26,2,1,1,2,4,1,5,3,4,1,"Style"
22,"Female",88315.3599484632,"No",199.925768334618,2477.18300800338,3,18,3,1,1,1,4,1,5,3,4,2,"Style"
26,"Female",91319.5150476319,"No",193.348560967539,2424.60793423943,4,25,2,1,1,1,4,1,5,2,4,2,"Style"
27,"Male",90735.2384290404,"No",184.875259940953,2891.31502240206,7,19,2,1,1,2,4,1,5,3,4,1,"Style"
27,"Female",91905.7981271257,"No",210.483917025561,2030.70648742449,3,18,2,1,1,2,4,1,4,2,4,1,"Style"
24,"Female",92974.7411483415,"No",212.777850107252,2329.10648476943,3,21,3,1,1,2,4,1,4,3,4,1,"Style"
25,"Female",93851.9320407961,"No",192.115106785294,2113.64383062669,6,17,3,1,1,1,4,1,5,3,4,1,"Style"
26,"Female",92237.5951910098,"No",214.456359886881,1230.39003493832,1,22,2,1,1,2,4,1,4,3,4,1,"Style"
24,"Male",89174.9404378007,"Yes",181.660255087491,1106.8792235247,1,18,3,1,1,2,4,1,4,3,4,2,"Style"
28,"Female",NA,"No",195.928778717528,2661.26124337427,4,18,3,1,1,2,4,1,4,2,4,2,"Style"
26,"Female",91589.4014852753,"Yes",216.474164168128,1770.58865533466,2,20,2,1,1,1,4,1,5,3,4,2,"Style"
25,"Female",82519.7284404773,"Yes",215.585312739489,1788.26677600185,2,21,2,1,1,2,4,1,4,2,4,2,"Style"
29,"Female",87591.1136088375,"No",205.023588977015,2921.28117206984,2,33,2,1,1,1,4,1,5,3,4,2,"Style"
27,"Female",90303.4593649478,"No",198.902027637499,1870.38658663435,6,13,3,1,1,2,4,1,5,3,4,1,"Style"
26,"Female",98461.9360488307,"No",185.72520679337,1906.86830291182,4,19,2,1,1,1,4,1,5,3,4,2,"Style"
22,"Male",91553.2149519514,"No",200.721020504956,1777.49739862125,4,27,2,1,1,2,4,1,5,2,4,1,"Style"
22,"Female",93933.7894098469,"Yes",208.833661094773,1520.62228449762,1,20,2,1,1,2,4,1,4,3,4,1,"Style"
25,"Male",88732.236960901,"No",204.170045393419,2162.41261936575,5,24,3,1,1,2,4,1,4,3,4,2,"Style"
23,"Female",87818.6873853919,"No",214.4292464297,2913.30662365295,2,14,2,1,1,2,4,1,5,3,4,2,"Style"
21,"Female",89840.025704799,"No",217.159531740519,1357.66284160415,1,17,2,1,1,1,4,1,5,2,4,2,"Style"
20,"Female",99266.5880196769,"Yes",194.183258028347,2476.18461278413,3,21,2,1,1,2,4,1,5,2,4,2,"Style"
27,"Female",94707.9410899028,"No",196.400133010494,1773.61261404452,1,24,3,1,1,1,4,1,4,3,4,1,"Style"
23,"Female",89508.5683112093,"No",176.788437339981,2749.3401788157,3,20,3,1,1,1,4,1,4,2,4,1,"Style"
21,"Female",95847.5298592544,"Yes",210.299790235856,1907.56915912204,3,31,3,1,1,2,4,1,5,2,4,2,"Style"
24,"Female",80674.2437901845,"No",208.33693558041,1805.54333370801,3,17,3,1,1,2,4,1,4,3,4,2,"Style"
23,"Female",95800.0970287424,"No",213.711937994813,1645.48886810029,1,22,2,1,1,2,4,1,5,2,4,1,"Style"
25,"Female",96685.4665777056,"No",209.743045593984,1385.90126808115,3,21,3,1,1,1,4,1,5,2,4,2,"Style"
23,"Female",87160.422670267,"No",30000,3298.91080941155,5,21,3,1,1,1,4,1,4,3,4,2,"Style"
25,"Female",90942.5108089476,"No",202.255330525464,1820.34103812808,5,19,2,1,1,2,4,1,5,3,4,2,"Style"
22,"Female",88924.3007687768,"No",195.504559991223,2171.47236281167,2,18,2,1,1,1,4,1,5,3,4,2,"Style"
20,"Female",88201.2243441065,"Yes",200.810060619692,2263.93333506942,1,20,2,1,1,2,4,1,5,2,4,1,"Style"
27,"Female",94574.8984327376,"No",189.983286264029,2370.87581516108,3,16,3,1,1,2,4,1,5,3,4,1,"Style"
24,"Female",90618.7321719089,"No",194.187646089637,1930.60897303747,2,22,3,1,1,2,4,1,5,3,4,2,"Style"
26,"Female",94013.2646663202,"Yes",205.198280658814,1357.29916761587,3,22,2,1,1,1,4,1,5,2,4,2,"Style"
23,"Female",91745.6202775623,"Yes",198.400993603625,2071.73131204965,3,25,3,1,1,2,4,1,5,3,4,1,"Style"
28,"Female",95897.4469037237,"No",182.959094684313,1514.86880090286,1,25,2,1,1,1,4,1,5,2,4,2,"Style"
23,"Female",88709.0165159426,"Yes",185.954695095044,2037.07951724108,3,22,3,1,1,1,4,1,5,3,4,2,"Style"
27,"Female",85254.7552690323,"Yes",198.479642303798,1609.47145122277,2,29,2,1,1,2,4,1,5,2,4,1,"Style"
22,"Male",100968.726892354,"Yes",219.477502209942,2171.73552439074,1,32,3,1,1,1,4,1,4,2,4,1,"Style"
23,"Female",84444.2404054003,"Yes",181.437045994216,1140.40558665552,4,16,3,1,1,1,4,1,5,3,4,2,"Style"
28,"Female",83809.7398495064,"Yes",180.973448207278,2888.90469304263,6,11,2,1,1,1,4,1,5,3,4,1,"Style"
30,"Female",95001.4288295526,"No",182.513557526633,2443.98609492778,6,21,3,1,1,2,4,1,5,3,4,2,"Style"
25,"Female",82672.614320202,"No",203.709285211806,2554.74474050017,3,20,3,1,1,1,4,1,4,3,4,2,"Style"
23,"Female",88358.8130317718,"Yes",200.204623465986,2142.98702583566,3,22,3,1,1,1,4,1,5,3,4,2,"Style"
21,"Female",99124.1304422302,"No",215.05902515511,2006.18630797166,2,25,3,1,1,1,4,1,4,3,4,1,"Style"
26,"Female",98547.4923312018,"Yes",189.454520785258,2697.7288270625,4,13,2,1,1,1,4,1,4,3,4,2,"Style"
22,"Male",94904.9289096904,"Yes",207.118781495259,2171.02321702614,3,14,3,1,1,2,4,1,5,3,4,2,"Style"
26,"Male",92471.8905944993,"No",180.442538194243,1207.09289658888,5,21,3,1,1,1,4,1,4,3,4,2,"Style"
22,"Female",NA,"Yes",187.22270473541,2742.98317984241,2,14,3,1,1,2,4,1,4,3,4,2,"Style"
27,"Female",87087.5605957234,"No",207.200541254607,2676.68706168599,6,30,2,1,1,2,4,1,4,3,4,1,"Style"
22,"Female",90800.9950523182,"No",188.223399397896,470.048647871037,4,20,2,1,1,1,4,1,5,3,4,1,"Style"
24,"Female",94830.8579578418,"Yes",193.153948441801,1440.43448124493,4,28,2,1,1,2,4,1,4,3,4,2,"Style"
28,"Male",89948.9408029838,"No",200.190596045282,1859.17370388987,4,24,3,1,1,1,4,1,4,3,4,2,"Style"
22,"Female",NA,"No",194.929681143948,1322.04622615484,2,20,2,1,1,1,4,1,4,3,4,2,"Style"
21,"Female",89962.8485524437,"No",206.399959251988,3027.62868253251,7,18,3,1,1,2,4,1,5,3,4,2,"Style"
22,"Female",94185.3268266525,"No",210.08246985061,2344.93003968387,2,26,3,1,1,1,4,1,5,2,4,1,"Style"
25,"Female",NA,"No",218.244918351356,1420.92968649741,1,26,2,1,1,1,4,1,5,2,4,1,"Style"
26,"Female",NA,"No",192.711502811686,1800.11546009228,3,19,3,1,1,2,4,1,5,3,4,2,"Style"
24,"Male",91300.3034390568,"No",207.066036326296,2188.52075950426,6,28,2,1,1,2,4,1,4,3,4,1,"Style"
24,"Female",98840.4348927626,"No",196.943939711053,1798.60631514809,4,21,3,1,1,2,4,1,5,3,4,2,"Style"
26,"Female",87102.2579117799,"No",184.615467708236,1115.42277635983,3,13,2,1,1,2,4,1,4,2,4,2,"Style"
26,"Female",84161.7509053336,"No",189.827098509995,1441.61292286736,3,22,2,1,1,1,4,1,5,3,4,1,"Style"
23,"Male",88608.6781041314,"Yes",214.179673848811,2846.34378508052,3,19,2,1,1,2,4,1,5,3,4,2,"Style"
22,"Female",NA,"Yes",202.498184429171,2319.09480606248,3,27,3,1,1,1,4,1,4,3,4,2,"Style"
24,"Female",84310.2623173019,"Yes",194.18008415718,1424.43386862516,3,27,3,1,1,1,4,1,4,3,4,2,"Style"
26,"Male",86864.202549945,"No",189.60993030187,1471.70384999945,3,23,2,1,1,1,4,1,4,2,4,1,"Style"
22,"Male",81594.6483823712,"No",189.87457316156,1832.26231832417,3,21,3,1,1,1,4,1,4,2,4,1,"Style"
26,"Female",86015.773206983,"No",201.173539217298,3210.11910789035,3,17,2,1,1,2,4,1,5,2,4,2,"Style"
23,"Male",86793.7613917871,"No",202.647970100127,2093.18995249921,1,25,2,1,1,2,4,1,5,2,4,2,"Style"
26,"Female",95341.7773393157,"No",198.972947645079,2036.47382494658,3,21,3,1,1,2,4,1,5,2,4,1,"Style"
28,"Female",88251.0354616395,"No",220.291713571813,2097.26477586914,2,18,3,1,1,1,4,1,5,3,4,2,"Style"
27,"Female",92442.3862699719,"Yes",202.8210179187,1800.57430079042,3,22,3,1,1,1,4,1,4,3,4,1,"Style"
21,"Female",88723.0455581703,"Yes",202.416602429017,1525.74410010835,3,17,3,1,1,1,4,1,4,2,4,2,"Style"
27,"Male",100161.941831807,"Yes",209.450383519763,995.35513939629,3,30,3,1,1,1,4,1,5,3,4,2,"Style"
26,"Female",84919.1798923075,"Yes",186.391070048922,2216.21311044719,1,16,3,1,1,2,4,1,5,3,4,1,"Style"
28,"Female",88604.5776848402,"Yes",209.830075893843,2124.79395803942,1,25,2,1,1,2,4,1,4,3,4,1,"Style"
27,"Male",94157.4299469551,"No",213.946514882695,2618.89940289404,2,15,2,1,1,2,4,1,4,3,4,1,"Style"
24,"Female",92569.9638208054,"Yes",201.450807281223,2093.854089599,3,17,2,1,1,1,4,1,4,3,4,2,"Style"
22,"Female",NA,"Yes",190.878713369387,1752.02920551107,3,22,2,1,1,2,4,1,5,2,4,2,"Style"
26,"Female",86990.8500213015,"No",207.198178029071,1528.80941716407,2,18,3,1,1,2,5,1,4,3,4,1,"Style"
23,"Male",96071.5114575092,"No",193.873444595676,1128.62997983453,6,21,3,1,1,2,4,1,4,3,4,2,"Style"
25,"Male",88151.6913621362,"Yes",201.856636987473,2675.73102863593,3,23,2,1,1,1,4,1,5,2,4,2,"Style"
22,"Male",80838.7092167909,"No",195.979330160515,2621.30457243892,1,24,3,1,1,1,4,1,4,2,4,2,"Style"
27,"Female",93987.3286979642,"No",202.708206537137,1684.63212464482,3,15,2,1,1,1,4,1,4,3,4,1,"Style"
24,"Female",94993.4913631415,"No",199.906549515662,2216.16168279624,4,19,2,1,1,2,4,1,4,2,4,2,"Style"
21,"Male",95579.2638704682,"No",192.569610501013,2489.25884376757,4,20,3,1,1,2,4,1,4,3,4,2,"Style"
23,"Female",88040.4957887029,"No",206.009354960527,1885.08743254967,2,19,3,1,1,2,4,1,4,2,4,2,"Style"
25,"Female",91033.570134926,"No",198.70696371015,2437.6233971048,2,29,3,1,1,1,4,1,5,3,4,1,"Style"
26,"Female",100723.765039251,"No",194.991855965758,2360.36336239047,2,24,3,1,1,2,4,1,5,2,4,1,"Style"
23,"Male",88926.0579075178,"No",190.687552710568,1724.02926654125,1,23,2,1,1,2,4,1,5,3,4,2,"Style"
26,"Female",94769.3895093554,"No",199.663757878411,2482.6621564691,3,16,2,1,1,1,4,1,5,3,4,2,"Style"
